-- phpMyAdmin SQL Dump
-- version 5.1.1
-- https://www.phpmyadmin.net/
--
-- Host: 127.0.0.1:3306
-- Generation Time: Jun 08, 2022 at 02:38 PM
-- Server version: 10.4.22-MariaDB
-- PHP Version: 8.1.2

SET SQL_MODE = "NO_AUTO_VALUE_ON_ZERO";
START TRANSACTION;
SET time_zone = "+00:00";


/*!40101 SET @OLD_CHARACTER_SET_CLIENT=@@CHARACTER_SET_CLIENT */;
/*!40101 SET @OLD_CHARACTER_SET_RESULTS=@@CHARACTER_SET_RESULTS */;
/*!40101 SET @OLD_COLLATION_CONNECTION=@@COLLATION_CONNECTION */;
/*!40101 SET NAMES utf8mb4 */;

--
-- Database: `cafe`
--

-- --------------------------------------------------------

--
-- Table structure for table `category`
--

CREATE TABLE `category` (
  `category_id` double NOT NULL,
  `category_name` varchar(50) DEFAULT NULL
) ENGINE=InnoDB DEFAULT CHARSET=utf8mb4;

--
-- Dumping data for table `category`
--

INSERT INTO `category` (`category_id`, `category_name`) VALUES
(1, 'Food'),
(2, 'Drinks');

-- --------------------------------------------------------

--
-- Table structure for table `employee`
--

CREATE TABLE `employee` (
  `employee_id` double NOT NULL,
  `outlet_id` double DEFAULT NULL,
  `job_type` varchar(50) DEFAULT NULL,
  `name` varchar(50) NOT NULL,
  `phone_number` varchar(20) DEFAULT NULL
) ENGINE=InnoDB DEFAULT CHARSET=utf8mb4;

--
-- Dumping data for table `employee`
--

INSERT INTO `employee` (`employee_id`, `outlet_id`, `job_type`, `name`, `phone_number`) VALUES
(1, 1, 'Cashier', 'Adele Paul', '(836) 962-6041'),
(2, 2, 'Cashier', 'Maud Jackson', '(350) 778-5737'),
(3, 3, 'Cashier', 'Virgie Robbins', '(600) 228-8219'),
(4, 4, 'Cashier', 'Micheal Hayes', '(241) 883-7739'),
(5, 5, 'Cashier', 'Cole Fuller', '(880) 504-5322'),
(6, 6, 'Cashier', 'Philip Fleming', '(780) 897-5205'),
(7, 7, 'Cashier', 'Gussie Manning', '(817) 827-4225'),
(8, 8, 'Cashier', 'Herbert Lewis', '(732) 633-4162'),
(9, 9, 'Cashier', 'Edwin Hunt', '(988) 646-4788'),
(10, 10, 'Cashier', 'Ernest Flowers', '(276) 419-1505'),
(11, 1, 'Cashier', 'Ollie Wilkins', '(635) 792-3359'),
(12, 1, 'Cashier', 'Celia Herrera', '(346) 472-5228'),
(13, 1, 'Janitor', 'Lelia Ryan', '(546) 886-4182'),
(14, 1, 'Barista', 'Jimmy Delgado', '(813) 875-4326'),
(15, 2, 'Janitor', 'Grace Henry', '(255) 832-1477'),
(16, 2, 'Janitor', 'Tom Gray', '(722) 332-6682'),
(17, 2, 'Cashier', 'Irene Caldwell', '(651) 353-4284'),
(18, 2, 'Cashier', 'Brett Brewer', '(879) 587-3623'),
(19, 3, 'Cashier', 'Mollie Ward', '(516) 702-6021'),
(20, 3, 'Barista', 'Cordelia Garza', '(589) 813-6267'),
(21, 3, 'Barista', 'Glenn Morton', '(825) 607-2591'),
(22, 3, 'Barista', 'Duane Obrien', '(776) 853-4310'),
(23, 4, 'Janitor', 'Leah Owens', '(467) 320-4921'),
(24, 4, 'Cashier', 'Kate Perez', '(380) 826-1596'),
(25, 4, 'Janitor', 'Helen Keller', '(772) 465-3418'),
(26, 4, 'Janitor', 'Clayton Fuller', '(433) 597-5340'),
(27, 5, 'Cashier', 'Seth Morris', '(402) 761-8108'),
(28, 5, 'Janitor', 'Lina McKinney', '(625) 246-3089'),
(29, 5, 'Cashier', 'Betty Garner', '(202) 548-2214'),
(30, 5, 'Barista', 'Luella Bishop', '(416) 489-9367'),
(31, 6, 'Cashier', 'Fannie Mitchell', '(272) 911-5202'),
(32, 6, 'Cashier', 'Fanny Wilkerson', '(805) 311-8934'),
(33, 6, 'Barista', 'Robert Tyler', '(368) 527-1770'),
(34, 6, 'Barista', 'Lily Francis', '(751) 791-8692'),
(35, 7, 'Cashier', 'Tyler Black', '(248) 454-5061'),
(36, 7, 'Cashier', 'Mabelle Schmidt', '(552) 887-4983'),
(37, 7, 'Barista', 'Mabelle Little', '(353) 947-7666'),
(38, 7, 'Janitor', 'Nettie Rodgers', '(914) 221-3668'),
(39, 8, 'Janitor', 'Carrie Lawson', '(350) 894-3617'),
(40, 8, 'Cashier', 'Marc Hopkins', '(972) 944-2346'),
(41, 8, 'Barista', 'Steve Roy', '(405) 658-7474'),
(42, 8, 'Cashier', 'Calvin Gregory', '(626) 410-2959'),
(43, 9, 'Cashier', 'Tommy Padilla', '(829) 382-3328'),
(44, 9, 'Barista', 'Hunter Jacobs', '(761) 310-7030'),
(45, 9, 'Janitor', 'Charlotte Francis', '(726) 604-3776'),
(46, 9, 'Cashier', 'Elmer Fleming', '(380) 789-6542'),
(47, 10, 'Cashier', 'Stella Diaz', '(817) 726-8972'),
(48, 10, 'Cashier', 'Aaron Goodwin', '(457) 317-9211'),
(49, 10, 'Barista', 'Troy Hubbard', '(917) 292-9994'),
(50, 10, 'Cashier', 'Devin Griffith', '(812) 454-3149');

-- --------------------------------------------------------

--
-- Table structure for table `job`
--

CREATE TABLE `job` (
  `job_type` varchar(50) NOT NULL,
  `salary` decimal(8,2) DEFAULT 0.00
) ENGINE=InnoDB DEFAULT CHARSET=utf8mb4;

--
-- Dumping data for table `job`
--

INSERT INTO `job` (`job_type`, `salary`) VALUES
('Barista', '1500.00'),
('Cashier', '1500.00'),
('Janitor', '1500.00');

-- --------------------------------------------------------

--
-- Table structure for table `line_order`
--

CREATE TABLE `line_order` (
  `order_id` double NOT NULL,
  `product_id` double NOT NULL,
  `quantity` int(11) NOT NULL DEFAULT 1,
  `subtotal` decimal(8,2) NOT NULL DEFAULT 0.00
) ENGINE=InnoDB DEFAULT CHARSET=utf8mb4;

--
-- Dumping data for table `line_order`
--

INSERT INTO `line_order` (`order_id`, `product_id`, `quantity`, `subtotal`) VALUES
(1, 10, 3, '22.50'),
(2, 4, 2, '17.00'),
(2, 5, 4, '36.00'),
(2, 9, 5, '35.00'),
(3, 6, 5, '25.00'),
(3, 7, 5, '25.00'),
(3, 8, 3, '16.50'),
(4, 5, 5, '45.00'),
(4, 7, 1, '5.00'),
(4, 13, 4, '30.00'),
(5, 5, 3, '27.00'),
(5, 6, 5, '25.00'),
(5, 11, 3, '24.00'),
(6, 4, 1, '8.50'),
(6, 8, 1, '5.50'),
(6, 14, 4, '32.00'),
(7, 1, 3, '21.00'),
(8, 3, 2, '16.00'),
(8, 6, 1, '5.00'),
(8, 13, 4, '30.00'),
(9, 16, 4, '30.00'),
(10, 6, 5, '25.00'),
(10, 12, 3, '21.00'),
(11, 1, 3, '21.00'),
(11, 9, 3, '21.00'),
(12, 8, 4, '22.00'),
(12, 15, 1, '7.00'),
(13, 2, 5, '37.50'),
(13, 6, 4, '20.00'),
(13, 15, 5, '35.00'),
(14, 1, 1, '7.00'),
(14, 5, 4, '36.00'),
(14, 9, 2, '14.00'),
(15, 5, 2, '18.00'),
(15, 9, 3, '21.00'),
(16, 11, 5, '40.00'),
(17, 3, 2, '16.00'),
(18, 8, 4, '22.00'),
(19, 7, 5, '25.00'),
(20, 2, 1, '7.50'),
(20, 9, 2, '14.00'),
(21, 4, 3, '25.50'),
(21, 7, 1, '5.00'),
(22, 8, 2, '11.00'),
(22, 16, 1, '7.50'),
(23, 1, 4, '28.00'),
(23, 3, 2, '16.00'),
(24, 5, 2, '18.00'),
(24, 12, 2, '14.00'),
(24, 14, 4, '32.00'),
(25, 3, 3, '24.00'),
(25, 13, 5, '37.50'),
(26, 4, 4, '34.00'),
(27, 11, 1, '8.00'),
(27, 15, 4, '28.00'),
(28, 3, 2, '16.00'),
(29, 14, 2, '16.00'),
(29, 15, 3, '21.00'),
(30, 9, 1, '7.00'),
(30, 14, 4, '32.00'),
(30, 15, 4, '28.00'),
(31, 5, 4, '36.00'),
(31, 8, 2, '11.00'),
(32, 16, 4, '30.00'),
(33, 2, 4, '30.00'),
(34, 3, 3, '24.00'),
(34, 11, 2, '16.00'),
(35, 4, 5, '42.50'),
(36, 2, 3, '22.50'),
(36, 8, 1, '5.50'),
(37, 3, 3, '24.00'),
(37, 14, 1, '8.00'),
(37, 16, 5, '37.50'),
(38, 12, 5, '35.00'),
(39, 1, 3, '21.00'),
(39, 7, 4, '20.00'),
(39, 15, 2, '14.00'),
(40, 5, 1, '9.00'),
(40, 11, 3, '24.00'),
(40, 13, 1, '7.50'),
(41, 9, 1, '7.00'),
(41, 13, 1, '7.50'),
(41, 15, 3, '21.00'),
(42, 7, 3, '15.00'),
(43, 10, 5, '37.50'),
(44, 3, 5, '40.00'),
(44, 9, 4, '28.00'),
(44, 12, 4, '28.00'),
(45, 1, 1, '7.00'),
(45, 11, 2, '16.00'),
(46, 6, 2, '10.00'),
(47, 5, 3, '27.00'),
(48, 10, 3, '22.50'),
(48, 13, 1, '7.50'),
(49, 7, 3, '15.00'),
(50, 1, 3, '21.00'),
(50, 3, 1, '8.00'),
(50, 13, 5, '37.50'),
(51, 4, 4, '34.00'),
(51, 13, 3, '22.50'),
(52, 7, 5, '25.00'),
(53, 1, 1, '7.00'),
(53, 4, 5, '42.50'),
(53, 8, 5, '27.50'),
(54, 6, 1, '5.00'),
(55, 6, 5, '25.00'),
(55, 16, 5, '37.50'),
(56, 5, 3, '27.00'),
(56, 16, 2, '15.00'),
(57, 8, 4, '22.00'),
(57, 12, 1, '7.00'),
(57, 15, 1, '7.00'),
(58, 4, 4, '34.00'),
(58, 12, 4, '28.00'),
(59, 8, 4, '22.00'),
(59, 11, 1, '8.00'),
(59, 14, 2, '16.00'),
(60, 4, 1, '8.50'),
(60, 11, 4, '32.00'),
(60, 12, 4, '28.00'),
(61, 5, 1, '9.00'),
(61, 7, 5, '25.00'),
(62, 3, 1, '8.00'),
(63, 2, 3, '22.50'),
(64, 1, 3, '21.00'),
(64, 2, 4, '30.00'),
(65, 13, 1, '7.50'),
(66, 13, 4, '30.00'),
(67, 9, 1, '7.00'),
(68, 11, 2, '16.00'),
(69, 12, 4, '28.00'),
(70, 14, 2, '16.00'),
(71, 14, 5, '40.00'),
(72, 7, 2, '10.00'),
(72, 10, 4, '30.00'),
(73, 8, 3, '16.50'),
(73, 11, 3, '24.00'),
(74, 1, 1, '7.00'),
(74, 6, 2, '10.00'),
(74, 10, 5, '37.50'),
(75, 7, 5, '25.00'),
(76, 9, 5, '35.00'),
(77, 3, 5, '40.00'),
(77, 6, 1, '5.00'),
(78, 5, 5, '45.00'),
(78, 12, 3, '21.00'),
(78, 16, 2, '15.00'),
(79, 11, 1, '8.00'),
(79, 14, 5, '40.00'),
(80, 5, 1, '9.00'),
(80, 9, 4, '28.00'),
(81, 6, 3, '15.00'),
(82, 1, 3, '21.00'),
(82, 5, 2, '18.00'),
(83, 3, 1, '8.00'),
(83, 7, 5, '25.00'),
(83, 10, 5, '37.50'),
(84, 10, 3, '22.50'),
(84, 12, 2, '14.00'),
(85, 1, 1, '7.00'),
(85, 6, 1, '5.00'),
(85, 10, 4, '30.00'),
(86, 3, 3, '24.00'),
(86, 8, 4, '22.00'),
(87, 11, 3, '24.00'),
(88, 12, 5, '35.00'),
(88, 13, 3, '22.50'),
(89, 4, 4, '34.00'),
(89, 9, 4, '28.00'),
(89, 12, 1, '7.00'),
(90, 1, 3, '21.00'),
(91, 5, 2, '18.00'),
(91, 15, 5, '35.00'),
(92, 5, 3, '27.00'),
(92, 8, 1, '5.50'),
(93, 1, 4, '28.00'),
(93, 4, 2, '17.00'),
(93, 14, 1, '8.00'),
(94, 11, 5, '40.00'),
(94, 14, 4, '32.00'),
(95, 6, 5, '25.00'),
(95, 12, 5, '35.00'),
(96, 8, 3, '16.50'),
(97, 2, 4, '30.00'),
(97, 13, 4, '30.00'),
(98, 2, 5, '37.50'),
(98, 15, 1, '7.00'),
(99, 15, 3, '21.00'),
(100, 3, 1, '8.00'),
(101, 2, 5, '37.50'),
(102, 7, 5, '25.00'),
(102, 12, 5, '35.00'),
(102, 13, 1, '7.50'),
(103, 6, 4, '20.00'),
(103, 11, 4, '32.00'),
(103, 14, 1, '8.00'),
(104, 3, 3, '24.00'),
(104, 6, 1, '5.00'),
(104, 9, 1, '7.00'),
(105, 3, 1, '8.00'),
(106, 1, 3, '21.00'),
(106, 2, 1, '7.50'),
(106, 3, 5, '40.00'),
(107, 5, 5, '45.00'),
(107, 13, 1, '7.50'),
(107, 16, 5, '37.50'),
(108, 2, 1, '7.50'),
(108, 3, 4, '32.00'),
(108, 6, 5, '25.00'),
(109, 10, 2, '15.00'),
(109, 11, 4, '32.00'),
(110, 1, 2, '14.00'),
(110, 6, 3, '15.00'),
(110, 8, 3, '16.50'),
(111, 1, 3, '21.00'),
(111, 4, 2, '17.00'),
(111, 16, 5, '37.50'),
(112, 12, 5, '35.00'),
(113, 1, 3, '21.00'),
(113, 10, 4, '30.00'),
(113, 11, 5, '40.00'),
(114, 11, 5, '40.00'),
(115, 6, 2, '10.00'),
(116, 9, 2, '14.00'),
(116, 10, 4, '30.00'),
(117, 8, 5, '27.50'),
(117, 15, 1, '7.00'),
(118, 1, 5, '35.00'),
(118, 11, 3, '24.00'),
(118, 16, 3, '22.50'),
(119, 12, 3, '21.00'),
(120, 6, 5, '25.00'),
(120, 7, 3, '15.00'),
(120, 11, 1, '8.00'),
(121, 15, 1, '7.00'),
(122, 4, 1, '8.50'),
(122, 9, 2, '14.00'),
(123, 1, 3, '21.00'),
(123, 7, 2, '10.00'),
(123, 16, 2, '15.00'),
(124, 1, 3, '21.00'),
(124, 3, 4, '32.00'),
(124, 8, 4, '22.00'),
(125, 5, 2, '18.00'),
(125, 11, 5, '40.00'),
(126, 8, 2, '11.00'),
(126, 10, 1, '7.50'),
(127, 2, 2, '15.00'),
(127, 11, 4, '32.00'),
(128, 1, 2, '14.00'),
(128, 8, 4, '22.00'),
(129, 8, 1, '5.50'),
(130, 4, 2, '17.00'),
(130, 15, 3, '21.00'),
(131, 8, 3, '16.50'),
(132, 4, 1, '8.50'),
(132, 13, 5, '37.50'),
(133, 2, 2, '15.00'),
(134, 3, 2, '16.00'),
(134, 6, 4, '20.00'),
(134, 14, 3, '24.00'),
(135, 3, 3, '24.00'),
(135, 10, 3, '22.50'),
(135, 14, 1, '8.00'),
(136, 8, 5, '27.50'),
(137, 7, 2, '10.00'),
(137, 10, 3, '22.50'),
(137, 11, 5, '40.00'),
(138, 8, 1, '5.50'),
(138, 15, 3, '21.00'),
(139, 1, 4, '28.00'),
(139, 3, 2, '16.00'),
(139, 8, 1, '5.50'),
(140, 4, 4, '34.00'),
(140, 10, 2, '15.00'),
(141, 3, 2, '16.00'),
(141, 15, 3, '21.00'),
(142, 3, 5, '40.00'),
(142, 6, 3, '15.00'),
(142, 12, 4, '28.00'),
(143, 3, 4, '32.00'),
(143, 6, 2, '10.00'),
(143, 9, 4, '28.00'),
(144, 1, 5, '35.00'),
(144, 9, 3, '21.00'),
(144, 10, 1, '7.50'),
(145, 12, 4, '28.00'),
(146, 5, 4, '36.00'),
(146, 14, 1, '8.00'),
(146, 16, 4, '30.00'),
(147, 4, 2, '17.00'),
(147, 8, 3, '16.50'),
(147, 16, 2, '15.00'),
(148, 6, 2, '10.00'),
(149, 6, 4, '20.00'),
(149, 8, 1, '5.50'),
(149, 13, 2, '15.00'),
(150, 4, 5, '42.50'),
(150, 11, 5, '40.00'),
(150, 13, 1, '7.50'),
(151, 8, 5, '27.50'),
(152, 7, 1, '5.00'),
(153, 4, 5, '42.50'),
(154, 2, 2, '15.00'),
(154, 8, 1, '5.50'),
(154, 15, 2, '14.00'),
(155, 2, 5, '37.50'),
(155, 15, 1, '7.00'),
(156, 3, 2, '16.00'),
(156, 12, 1, '7.00'),
(156, 14, 5, '40.00'),
(157, 3, 5, '40.00'),
(158, 8, 1, '5.50'),
(158, 11, 5, '40.00'),
(159, 2, 1, '7.50'),
(159, 10, 5, '37.50'),
(159, 13, 3, '22.50'),
(160, 2, 3, '22.50'),
(160, 4, 5, '42.50'),
(161, 8, 1, '5.50'),
(161, 13, 3, '22.50'),
(161, 15, 4, '28.00'),
(162, 10, 5, '37.50'),
(162, 11, 5, '40.00'),
(162, 13, 1, '7.50'),
(163, 11, 5, '40.00'),
(164, 5, 5, '45.00'),
(164, 10, 1, '7.50'),
(165, 6, 2, '10.00'),
(165, 7, 1, '5.00'),
(166, 1, 4, '28.00'),
(166, 8, 2, '11.00'),
(167, 4, 1, '8.50'),
(167, 5, 4, '36.00'),
(168, 2, 4, '30.00'),
(168, 11, 5, '40.00'),
(168, 13, 2, '15.00'),
(169, 2, 3, '22.50'),
(169, 16, 5, '37.50'),
(170, 4, 2, '17.00'),
(170, 11, 2, '16.00'),
(170, 12, 5, '35.00'),
(171, 4, 1, '8.50'),
(171, 11, 2, '16.00'),
(171, 16, 3, '22.50'),
(172, 4, 5, '42.50'),
(172, 10, 4, '30.00'),
(172, 15, 4, '28.00'),
(173, 5, 3, '27.00'),
(173, 6, 1, '5.00'),
(173, 9, 4, '28.00'),
(174, 15, 1, '7.00'),
(174, 16, 5, '37.50'),
(175, 5, 3, '27.00'),
(175, 15, 3, '21.00'),
(176, 6, 1, '5.00'),
(176, 10, 3, '22.50'),
(176, 15, 4, '28.00'),
(177, 2, 5, '37.50'),
(177, 4, 5, '42.50'),
(178, 5, 2, '18.00'),
(178, 16, 3, '22.50'),
(179, 1, 3, '21.00'),
(179, 7, 1, '5.00'),
(179, 11, 2, '16.00'),
(180, 1, 4, '28.00'),
(180, 3, 1, '8.00'),
(180, 9, 4, '28.00'),
(181, 5, 2, '18.00'),
(182, 4, 4, '34.00'),
(183, 15, 2, '14.00'),
(184, 10, 5, '37.50'),
(184, 12, 4, '28.00'),
(184, 14, 2, '16.00'),
(185, 3, 3, '24.00'),
(186, 11, 5, '40.00'),
(187, 2, 5, '37.50'),
(188, 3, 1, '8.00'),
(188, 9, 4, '28.00'),
(189, 2, 1, '7.50'),
(189, 5, 4, '36.00'),
(189, 11, 2, '16.00'),
(190, 2, 3, '22.50'),
(190, 12, 4, '28.00'),
(190, 13, 2, '15.00'),
(191, 11, 5, '40.00'),
(192, 2, 1, '7.50'),
(192, 3, 1, '8.00'),
(193, 11, 5, '40.00'),
(194, 1, 3, '21.00'),
(194, 12, 4, '28.00'),
(194, 15, 1, '7.00'),
(195, 10, 5, '37.50'),
(195, 12, 5, '35.00'),
(196, 1, 3, '21.00'),
(196, 2, 2, '15.00'),
(197, 5, 1, '9.00'),
(197, 7, 3, '15.00'),
(198, 1, 1, '7.00'),
(198, 10, 5, '37.50'),
(199, 8, 4, '22.00'),
(199, 11, 1, '8.00'),
(200, 4, 5, '42.50'),
(200, 7, 4, '20.00'),
(201, 4, 2, '17.00'),
(201, 11, 4, '32.00'),
(201, 16, 1, '7.50'),
(202, 3, 4, '32.00'),
(202, 4, 2, '17.00'),
(202, 11, 2, '16.00'),
(203, 7, 5, '25.00'),
(203, 14, 2, '16.00'),
(203, 16, 3, '22.50'),
(204, 8, 4, '22.00'),
(205, 6, 5, '25.00'),
(205, 12, 1, '7.00'),
(205, 13, 5, '37.50'),
(206, 9, 2, '14.00'),
(206, 16, 5, '37.50'),
(207, 2, 1, '7.50'),
(207, 13, 5, '37.50'),
(208, 3, 3, '24.00'),
(208, 13, 4, '30.00'),
(208, 15, 5, '35.00'),
(209, 10, 5, '37.50'),
(209, 14, 5, '40.00'),
(210, 1, 4, '28.00'),
(210, 8, 4, '22.00'),
(211, 16, 4, '30.00'),
(212, 2, 3, '22.50'),
(212, 4, 3, '25.50'),
(212, 15, 4, '28.00'),
(213, 5, 5, '45.00'),
(214, 9, 4, '28.00'),
(215, 4, 3, '25.50'),
(216, 1, 2, '14.00'),
(216, 7, 5, '25.00'),
(217, 13, 4, '30.00'),
(218, 6, 4, '20.00'),
(218, 7, 2, '10.00'),
(218, 14, 3, '24.00'),
(219, 5, 5, '45.00'),
(219, 11, 1, '8.00'),
(219, 15, 1, '7.00'),
(220, 6, 1, '5.00'),
(220, 12, 2, '14.00'),
(220, 15, 1, '7.00'),
(221, 15, 4, '28.00'),
(222, 3, 5, '40.00'),
(222, 8, 5, '27.50'),
(223, 8, 1, '5.50'),
(224, 7, 1, '5.00'),
(225, 8, 5, '27.50'),
(225, 10, 3, '22.50'),
(225, 12, 2, '14.00'),
(226, 10, 4, '30.00'),
(226, 12, 2, '14.00'),
(227, 6, 1, '5.00'),
(227, 8, 4, '22.00'),
(228, 6, 3, '15.00'),
(228, 11, 1, '8.00'),
(229, 5, 1, '9.00'),
(229, 12, 2, '14.00'),
(230, 7, 5, '25.00'),
(231, 10, 4, '30.00'),
(231, 16, 3, '22.50'),
(232, 16, 5, '37.50'),
(233, 2, 1, '7.50'),
(233, 8, 2, '11.00'),
(234, 8, 1, '5.50'),
(234, 16, 3, '22.50'),
(235, 5, 4, '36.00'),
(235, 7, 2, '10.00'),
(236, 7, 4, '20.00'),
(236, 9, 4, '28.00'),
(236, 11, 1, '8.00'),
(237, 12, 4, '28.00'),
(238, 4, 2, '17.00'),
(238, 6, 1, '5.00'),
(239, 1, 5, '35.00'),
(240, 2, 5, '37.50'),
(241, 2, 2, '15.00'),
(242, 11, 4, '32.00'),
(243, 10, 4, '30.00'),
(243, 13, 2, '15.00'),
(244, 16, 2, '15.00'),
(245, 14, 2, '16.00'),
(246, 4, 5, '42.50'),
(247, 4, 2, '17.00'),
(247, 14, 3, '24.00'),
(248, 2, 2, '15.00'),
(248, 5, 5, '45.00'),
(248, 9, 3, '21.00'),
(249, 5, 3, '27.00'),
(249, 7, 2, '10.00'),
(250, 14, 5, '40.00'),
(251, 2, 1, '7.50'),
(251, 7, 1, '5.00'),
(251, 14, 4, '32.00'),
(252, 4, 5, '42.50'),
(252, 5, 3, '27.00'),
(252, 12, 5, '35.00'),
(253, 6, 2, '10.00'),
(254, 1, 2, '14.00'),
(254, 14, 2, '16.00'),
(255, 3, 5, '40.00'),
(256, 1, 1, '7.00'),
(256, 13, 3, '22.50'),
(257, 10, 1, '7.50'),
(258, 2, 3, '22.50'),
(258, 4, 1, '8.50'),
(258, 13, 4, '30.00'),
(259, 16, 5, '37.50'),
(260, 8, 5, '27.50'),
(260, 12, 4, '28.00'),
(261, 1, 1, '7.00'),
(261, 12, 4, '28.00'),
(262, 3, 3, '24.00'),
(262, 6, 4, '20.00'),
(262, 16, 4, '30.00'),
(263, 7, 3, '15.00'),
(264, 9, 3, '21.00'),
(264, 12, 4, '28.00'),
(265, 2, 2, '15.00'),
(266, 2, 5, '37.50'),
(266, 14, 5, '40.00'),
(267, 6, 5, '25.00'),
(267, 13, 1, '7.50'),
(267, 15, 1, '7.00'),
(268, 1, 2, '14.00'),
(269, 7, 2, '10.00'),
(269, 12, 4, '28.00'),
(269, 14, 5, '40.00'),
(270, 11, 1, '8.00'),
(271, 6, 1, '5.00'),
(272, 6, 1, '5.00'),
(272, 14, 3, '24.00'),
(273, 5, 5, '45.00'),
(273, 11, 4, '32.00'),
(274, 9, 4, '28.00'),
(274, 13, 1, '7.50'),
(274, 16, 3, '22.50'),
(275, 1, 4, '28.00'),
(275, 12, 4, '28.00'),
(276, 13, 5, '37.50'),
(277, 9, 3, '21.00'),
(277, 10, 3, '22.50'),
(278, 1, 4, '28.00'),
(278, 2, 1, '7.50'),
(278, 9, 2, '14.00'),
(279, 12, 4, '28.00'),
(279, 15, 5, '35.00'),
(280, 8, 5, '27.50'),
(280, 9, 1, '7.00'),
(280, 10, 1, '7.50'),
(281, 1, 5, '35.00'),
(281, 5, 3, '27.00'),
(281, 13, 3, '22.50'),
(282, 2, 4, '30.00'),
(282, 6, 1, '5.00'),
(282, 8, 3, '16.50'),
(283, 13, 3, '22.50'),
(284, 3, 3, '24.00'),
(285, 15, 2, '14.00'),
(285, 16, 2, '15.00'),
(286, 7, 5, '25.00'),
(286, 10, 3, '22.50'),
(286, 13, 2, '15.00'),
(287, 8, 3, '16.50'),
(288, 7, 5, '25.00'),
(288, 9, 4, '28.00'),
(288, 14, 1, '8.00'),
(289, 13, 2, '15.00'),
(290, 16, 4, '30.00'),
(291, 6, 2, '10.00'),
(291, 14, 2, '16.00'),
(292, 1, 2, '14.00'),
(292, 16, 1, '7.50'),
(293, 2, 4, '30.00'),
(293, 12, 3, '21.00'),
(294, 12, 3, '21.00'),
(294, 14, 3, '24.00'),
(295, 8, 3, '16.50'),
(295, 12, 4, '28.00'),
(295, 16, 3, '22.50'),
(296, 2, 4, '30.00'),
(296, 11, 3, '24.00'),
(296, 13, 2, '15.00'),
(297, 2, 3, '22.50'),
(297, 4, 1, '8.50'),
(297, 7, 5, '25.00'),
(298, 6, 1, '5.00'),
(298, 7, 2, '10.00'),
(298, 14, 3, '24.00'),
(299, 8, 2, '11.00'),
(300, 16, 2, '15.00'),
(301, 5, 1, '9.00'),
(301, 9, 1, '7.00'),
(301, 10, 5, '37.50'),
(302, 15, 3, '21.00'),
(302, 16, 3, '22.50'),
(303, 14, 2, '16.00'),
(304, 6, 2, '10.00'),
(304, 13, 1, '7.50'),
(305, 7, 5, '25.00'),
(305, 8, 1, '5.50'),
(305, 16, 1, '7.50'),
(306, 1, 3, '21.00'),
(306, 4, 2, '17.00'),
(306, 15, 3, '21.00'),
(307, 7, 1, '5.00'),
(308, 5, 5, '45.00'),
(308, 7, 2, '10.00'),
(308, 10, 2, '15.00'),
(309, 3, 5, '40.00'),
(309, 7, 3, '15.00'),
(309, 13, 5, '37.50'),
(310, 1, 5, '35.00'),
(310, 2, 3, '22.50'),
(310, 8, 1, '5.50'),
(311, 10, 5, '37.50'),
(312, 6, 3, '15.00'),
(312, 12, 4, '28.00'),
(312, 14, 1, '8.00'),
(313, 4, 5, '42.50'),
(313, 8, 3, '16.50'),
(313, 9, 1, '7.00'),
(314, 3, 3, '24.00'),
(314, 7, 3, '15.00'),
(314, 15, 2, '14.00'),
(315, 2, 3, '22.50'),
(315, 11, 1, '8.00'),
(316, 6, 2, '10.00'),
(316, 8, 1, '5.50'),
(317, 9, 2, '14.00'),
(318, 1, 4, '28.00'),
(318, 6, 1, '5.00'),
(318, 8, 1, '5.50'),
(319, 12, 2, '14.00'),
(320, 6, 4, '20.00'),
(320, 11, 2, '16.00'),
(320, 15, 4, '28.00'),
(321, 4, 4, '34.00'),
(321, 13, 4, '30.00'),
(322, 3, 3, '24.00'),
(322, 6, 5, '25.00'),
(322, 14, 2, '16.00'),
(323, 13, 5, '37.50'),
(323, 15, 2, '14.00'),
(324, 4, 5, '42.50'),
(324, 10, 2, '15.00'),
(325, 14, 1, '8.00'),
(326, 15, 1, '7.00'),
(327, 9, 4, '28.00'),
(327, 10, 1, '7.50'),
(327, 13, 1, '7.50'),
(328, 4, 1, '8.50'),
(328, 13, 4, '30.00'),
(328, 14, 3, '24.00'),
(329, 9, 5, '35.00'),
(330, 9, 3, '21.00'),
(331, 1, 3, '21.00'),
(331, 9, 3, '21.00'),
(332, 1, 4, '28.00'),
(332, 6, 3, '15.00'),
(332, 8, 5, '27.50'),
(333, 8, 1, '5.50'),
(334, 5, 5, '45.00'),
(334, 9, 3, '21.00'),
(334, 14, 1, '8.00'),
(335, 5, 1, '9.00'),
(336, 5, 1, '9.00'),
(336, 6, 1, '5.00'),
(336, 8, 1, '5.50'),
(337, 3, 4, '32.00'),
(337, 10, 3, '22.50'),
(338, 10, 5, '37.50'),
(339, 1, 2, '14.00'),
(339, 12, 1, '7.00'),
(339, 16, 4, '30.00'),
(340, 3, 3, '24.00'),
(340, 6, 4, '20.00'),
(340, 10, 1, '7.50'),
(341, 8, 1, '5.50'),
(341, 10, 1, '7.50'),
(342, 15, 1, '7.00'),
(343, 1, 3, '21.00'),
(343, 5, 3, '27.00'),
(343, 6, 5, '25.00'),
(344, 2, 4, '30.00'),
(344, 7, 2, '10.00'),
(344, 14, 3, '24.00'),
(345, 5, 4, '36.00'),
(345, 7, 2, '10.00'),
(345, 15, 3, '21.00'),
(346, 15, 4, '28.00'),
(347, 2, 2, '15.00'),
(347, 3, 3, '24.00'),
(347, 4, 1, '8.50'),
(348, 1, 4, '28.00'),
(348, 15, 3, '21.00'),
(348, 16, 4, '30.00'),
(349, 6, 2, '10.00'),
(349, 9, 5, '35.00'),
(349, 14, 3, '24.00'),
(350, 10, 3, '22.50'),
(350, 14, 4, '32.00'),
(351, 14, 4, '32.00'),
(352, 4, 5, '42.50'),
(352, 13, 4, '30.00'),
(353, 8, 3, '16.50'),
(353, 10, 4, '30.00'),
(353, 14, 3, '24.00'),
(354, 1, 2, '14.00'),
(354, 5, 1, '9.00'),
(355, 10, 4, '30.00'),
(356, 4, 3, '25.50'),
(356, 11, 2, '16.00'),
(356, 12, 1, '7.00'),
(357, 7, 3, '15.00'),
(357, 12, 2, '14.00'),
(357, 13, 5, '37.50'),
(358, 14, 5, '40.00'),
(358, 15, 3, '21.00'),
(359, 4, 4, '34.00'),
(359, 9, 4, '28.00'),
(359, 10, 1, '7.50'),
(360, 8, 3, '16.50'),
(360, 11, 3, '24.00'),
(360, 12, 1, '7.00'),
(361, 2, 4, '30.00'),
(361, 5, 1, '9.00'),
(361, 14, 4, '32.00'),
(362, 8, 2, '11.00'),
(363, 4, 2, '17.00'),
(363, 8, 1, '5.50'),
(363, 11, 5, '40.00'),
(364, 4, 3, '25.50'),
(365, 1, 5, '35.00'),
(365, 14, 1, '8.00'),
(366, 15, 5, '35.00'),
(367, 2, 4, '30.00'),
(367, 3, 3, '24.00'),
(367, 12, 3, '21.00'),
(368, 9, 1, '7.00'),
(369, 13, 5, '37.50'),
(369, 16, 4, '30.00'),
(370, 2, 1, '7.50'),
(370, 5, 2, '18.00'),
(370, 11, 2, '16.00'),
(371, 4, 1, '8.50'),
(371, 5, 4, '36.00'),
(371, 16, 4, '30.00'),
(372, 6, 3, '15.00'),
(372, 10, 3, '22.50'),
(373, 12, 2, '14.00'),
(373, 16, 4, '30.00'),
(374, 1, 2, '14.00'),
(374, 16, 5, '37.50'),
(375, 16, 5, '37.50'),
(376, 12, 3, '21.00'),
(377, 13, 2, '15.00'),
(378, 6, 5, '25.00'),
(378, 9, 4, '28.00'),
(379, 3, 5, '40.00'),
(379, 9, 2, '14.00'),
(379, 11, 1, '8.00'),
(380, 5, 4, '36.00'),
(380, 7, 1, '5.00'),
(380, 11, 2, '16.00'),
(381, 13, 3, '22.50'),
(382, 6, 1, '5.00'),
(382, 13, 2, '15.00'),
(382, 14, 4, '32.00'),
(383, 5, 4, '36.00'),
(383, 12, 3, '21.00'),
(384, 1, 2, '14.00'),
(384, 13, 1, '7.50'),
(385, 1, 4, '28.00'),
(386, 16, 2, '15.00'),
(387, 3, 2, '16.00'),
(387, 9, 3, '21.00'),
(387, 14, 2, '16.00'),
(388, 5, 1, '9.00'),
(388, 6, 5, '25.00'),
(389, 13, 5, '37.50'),
(389, 16, 1, '7.50'),
(390, 8, 4, '22.00'),
(391, 16, 1, '7.50'),
(392, 3, 2, '16.00'),
(392, 5, 4, '36.00'),
(393, 14, 4, '32.00'),
(394, 16, 2, '15.00'),
(395, 2, 5, '37.50'),
(395, 7, 1, '5.00'),
(396, 1, 2, '14.00'),
(396, 11, 1, '8.00'),
(397, 1, 2, '14.00'),
(397, 10, 2, '15.00'),
(397, 15, 5, '35.00'),
(398, 4, 3, '25.50'),
(398, 13, 2, '15.00'),
(398, 16, 3, '22.50'),
(399, 13, 3, '22.50'),
(400, 6, 1, '5.00'),
(401, 11, 1, '8.00'),
(401, 13, 3, '22.50'),
(401, 15, 5, '35.00'),
(402, 7, 2, '10.00'),
(402, 16, 5, '37.50'),
(403, 3, 1, '8.00'),
(403, 11, 4, '32.00'),
(404, 15, 3, '21.00'),
(405, 1, 3, '21.00'),
(405, 5, 1, '9.00'),
(405, 16, 2, '15.00'),
(406, 6, 1, '5.00'),
(406, 15, 1, '7.00'),
(407, 11, 5, '40.00'),
(407, 12, 3, '21.00'),
(407, 16, 1, '7.50'),
(408, 8, 3, '16.50'),
(409, 2, 1, '7.50'),
(409, 6, 2, '10.00'),
(410, 13, 5, '37.50'),
(411, 5, 1, '9.00'),
(412, 3, 1, '8.00'),
(412, 8, 1, '5.50'),
(412, 15, 2, '14.00'),
(413, 8, 1, '5.50'),
(413, 9, 2, '14.00'),
(414, 1, 5, '35.00'),
(414, 14, 2, '16.00'),
(414, 15, 4, '28.00'),
(415, 1, 5, '35.00'),
(415, 12, 4, '28.00'),
(416, 3, 2, '16.00'),
(416, 4, 3, '25.50'),
(416, 9, 4, '28.00'),
(417, 12, 2, '14.00'),
(418, 2, 2, '15.00'),
(418, 15, 3, '21.00'),
(419, 16, 3, '22.50'),
(420, 15, 1, '7.00'),
(421, 5, 2, '18.00'),
(421, 14, 5, '40.00'),
(422, 1, 1, '7.00'),
(422, 6, 5, '25.00'),
(422, 7, 4, '20.00'),
(423, 5, 5, '45.00'),
(423, 14, 4, '32.00'),
(424, 2, 5, '37.50'),
(424, 7, 3, '15.00'),
(424, 8, 4, '22.00'),
(425, 2, 1, '7.50'),
(425, 9, 5, '35.00'),
(425, 14, 1, '8.00'),
(426, 5, 1, '9.00'),
(426, 7, 3, '15.00'),
(426, 10, 4, '30.00'),
(427, 13, 2, '15.00'),
(428, 16, 4, '30.00'),
(429, 4, 4, '34.00'),
(429, 9, 2, '14.00'),
(430, 1, 2, '14.00'),
(430, 16, 1, '7.50'),
(431, 2, 2, '15.00'),
(431, 6, 1, '5.00'),
(431, 14, 4, '32.00'),
(432, 3, 4, '32.00'),
(432, 8, 2, '11.00'),
(432, 13, 1, '7.50'),
(433, 6, 3, '15.00'),
(433, 12, 3, '21.00'),
(434, 1, 5, '35.00'),
(434, 10, 1, '7.50'),
(435, 9, 3, '21.00'),
(435, 13, 1, '7.50'),
(436, 11, 2, '16.00'),
(436, 13, 4, '30.00'),
(437, 7, 3, '15.00'),
(438, 7, 4, '20.00'),
(438, 9, 4, '28.00'),
(438, 14, 1, '8.00'),
(439, 6, 1, '5.00'),
(439, 12, 2, '14.00'),
(440, 6, 4, '20.00'),
(440, 8, 3, '16.50'),
(440, 16, 2, '15.00'),
(441, 4, 5, '42.50'),
(442, 6, 2, '10.00'),
(442, 8, 5, '27.50'),
(442, 16, 1, '7.50'),
(443, 8, 2, '11.00'),
(443, 11, 4, '32.00'),
(443, 14, 1, '8.00'),
(444, 16, 5, '37.50'),
(445, 15, 3, '21.00'),
(446, 7, 2, '10.00'),
(446, 11, 5, '40.00'),
(446, 12, 1, '7.00'),
(447, 12, 5, '35.00'),
(447, 14, 5, '40.00'),
(447, 15, 5, '35.00'),
(448, 11, 1, '8.00'),
(449, 14, 3, '24.00'),
(450, 2, 2, '15.00'),
(451, 11, 4, '32.00'),
(451, 16, 4, '30.00'),
(452, 2, 4, '30.00'),
(452, 12, 4, '28.00'),
(452, 13, 3, '22.50'),
(453, 1, 1, '7.00'),
(453, 2, 1, '7.50'),
(453, 16, 1, '7.50'),
(454, 9, 5, '35.00'),
(454, 11, 1, '8.00'),
(454, 16, 2, '15.00'),
(455, 14, 5, '40.00'),
(456, 2, 4, '30.00'),
(456, 3, 5, '40.00'),
(456, 12, 4, '28.00'),
(457, 2, 5, '37.50'),
(457, 12, 3, '21.00'),
(457, 15, 3, '21.00'),
(458, 1, 5, '35.00'),
(458, 11, 4, '32.00'),
(459, 2, 4, '30.00'),
(460, 13, 1, '7.50'),
(461, 3, 1, '8.00'),
(461, 12, 2, '14.00'),
(461, 16, 1, '7.50'),
(462, 1, 4, '28.00'),
(462, 12, 3, '21.00'),
(462, 15, 3, '21.00'),
(463, 1, 5, '35.00'),
(463, 5, 3, '27.00'),
(463, 7, 1, '5.00'),
(464, 14, 2, '16.00'),
(465, 6, 4, '20.00'),
(466, 3, 2, '16.00'),
(466, 6, 3, '15.00'),
(467, 5, 1, '9.00'),
(467, 9, 2, '14.00'),
(467, 15, 3, '21.00'),
(468, 10, 1, '7.50'),
(468, 13, 5, '37.50'),
(469, 14, 4, '32.00'),
(469, 15, 3, '21.00'),
(470, 13, 1, '7.50'),
(470, 14, 4, '32.00'),
(471, 1, 4, '28.00'),
(471, 14, 5, '40.00'),
(472, 1, 3, '21.00'),
(472, 2, 5, '37.50'),
(472, 14, 4, '32.00'),
(473, 3, 4, '32.00'),
(473, 5, 2, '18.00'),
(473, 9, 1, '7.00'),
(474, 12, 1, '7.00'),
(474, 16, 3, '22.50'),
(475, 6, 2, '10.00'),
(475, 8, 3, '16.50'),
(475, 12, 3, '21.00'),
(476, 6, 5, '25.00'),
(476, 15, 5, '35.00'),
(477, 16, 4, '30.00'),
(478, 10, 4, '30.00'),
(478, 12, 2, '14.00'),
(479, 5, 2, '18.00'),
(479, 12, 4, '28.00'),
(480, 2, 1, '7.50'),
(480, 9, 3, '21.00'),
(480, 14, 1, '8.00'),
(481, 4, 3, '25.50'),
(481, 12, 4, '28.00'),
(482, 1, 4, '28.00'),
(482, 10, 3, '22.50'),
(482, 12, 4, '28.00'),
(483, 4, 3, '25.50'),
(484, 10, 4, '30.00'),
(484, 11, 3, '24.00'),
(485, 14, 4, '32.00'),
(486, 13, 2, '15.00'),
(486, 16, 5, '37.50'),
(487, 5, 2, '18.00'),
(487, 7, 3, '15.00'),
(488, 1, 3, '21.00'),
(489, 2, 4, '30.00'),
(490, 3, 4, '32.00'),
(491, 10, 1, '7.50'),
(492, 6, 2, '10.00'),
(492, 9, 3, '21.00'),
(493, 1, 5, '35.00'),
(494, 3, 5, '40.00'),
(494, 8, 4, '22.00'),
(494, 13, 1, '7.50'),
(495, 3, 3, '24.00'),
(495, 6, 2, '10.00'),
(496, 4, 2, '17.00'),
(496, 11, 3, '24.00'),
(497, 1, 5, '35.00'),
(497, 4, 2, '17.00'),
(497, 14, 4, '32.00'),
(498, 4, 2, '17.00'),
(498, 6, 5, '25.00'),
(498, 14, 5, '40.00'),
(499, 3, 4, '32.00'),
(499, 11, 3, '24.00'),
(499, 12, 2, '14.00'),
(500, 4, 3, '25.50'),
(501, 2, 4, '30.00'),
(501, 10, 1, '7.50'),
(501, 11, 5, '40.00'),
(502, 3, 5, '40.00'),
(502, 9, 5, '35.00'),
(502, 10, 3, '22.50'),
(503, 9, 2, '14.00'),
(504, 3, 5, '40.00'),
(504, 5, 1, '9.00'),
(504, 7, 1, '5.00'),
(505, 1, 1, '7.00'),
(505, 13, 2, '15.00'),
(506, 10, 4, '30.00'),
(506, 15, 4, '28.00'),
(507, 3, 4, '32.00'),
(507, 4, 2, '17.00'),
(507, 6, 4, '20.00'),
(508, 1, 3, '21.00'),
(508, 12, 3, '21.00'),
(508, 15, 4, '28.00'),
(509, 1, 5, '35.00'),
(509, 13, 2, '15.00'),
(509, 16, 1, '7.50'),
(510, 2, 2, '15.00'),
(511, 6, 3, '15.00'),
(511, 10, 4, '30.00'),
(512, 2, 4, '30.00'),
(512, 11, 1, '8.00'),
(513, 12, 5, '35.00'),
(513, 14, 2, '16.00'),
(514, 2, 2, '15.00'),
(514, 5, 1, '9.00'),
(514, 14, 2, '16.00'),
(515, 2, 3, '22.50'),
(516, 11, 2, '16.00'),
(516, 13, 2, '15.00'),
(517, 4, 2, '17.00'),
(518, 16, 1, '7.50'),
(519, 5, 1, '9.00'),
(520, 7, 2, '10.00'),
(520, 11, 5, '40.00'),
(521, 3, 1, '8.00'),
(521, 5, 5, '45.00'),
(522, 5, 4, '36.00'),
(522, 9, 3, '21.00'),
(522, 10, 3, '22.50'),
(523, 12, 2, '14.00'),
(524, 3, 4, '32.00'),
(524, 11, 1, '8.00'),
(524, 13, 1, '7.50'),
(525, 9, 3, '21.00'),
(526, 4, 1, '8.50'),
(526, 9, 5, '35.00'),
(527, 8, 4, '22.00'),
(528, 14, 4, '32.00'),
(528, 16, 3, '22.50'),
(529, 1, 5, '35.00'),
(529, 10, 4, '30.00'),
(529, 15, 2, '14.00'),
(530, 10, 2, '15.00'),
(531, 11, 5, '40.00'),
(532, 2, 5, '37.50'),
(532, 14, 5, '40.00'),
(533, 12, 1, '7.00'),
(533, 13, 4, '30.00'),
(533, 14, 2, '16.00'),
(534, 7, 1, '5.00'),
(534, 11, 1, '8.00'),
(534, 14, 3, '24.00'),
(535, 7, 4, '20.00'),
(535, 13, 2, '15.00'),
(536, 8, 1, '5.50'),
(537, 1, 3, '21.00'),
(537, 4, 5, '42.50'),
(538, 6, 4, '20.00'),
(538, 12, 5, '35.00'),
(539, 13, 4, '30.00'),
(539, 14, 3, '24.00'),
(540, 7, 5, '25.00'),
(541, 10, 1, '7.50'),
(542, 7, 4, '20.00'),
(542, 11, 2, '16.00'),
(542, 15, 1, '7.00'),
(543, 2, 4, '30.00'),
(543, 10, 2, '15.00'),
(543, 12, 4, '28.00'),
(544, 9, 4, '28.00'),
(544, 10, 1, '7.50'),
(545, 10, 3, '22.50'),
(545, 12, 1, '7.00'),
(545, 14, 4, '32.00'),
(546, 3, 1, '8.00'),
(546, 7, 2, '10.00'),
(546, 14, 4, '32.00'),
(547, 11, 1, '8.00'),
(547, 14, 1, '8.00'),
(548, 8, 5, '27.50'),
(548, 14, 1, '8.00'),
(549, 7, 4, '20.00'),
(549, 10, 3, '22.50'),
(550, 4, 3, '25.50'),
(551, 1, 4, '28.00'),
(552, 5, 3, '27.00'),
(553, 5, 5, '45.00'),
(554, 4, 1, '8.50'),
(554, 6, 4, '20.00'),
(554, 11, 2, '16.00'),
(555, 3, 3, '24.00'),
(555, 5, 2, '18.00'),
(555, 6, 1, '5.00'),
(556, 7, 3, '15.00'),
(556, 8, 5, '27.50'),
(556, 15, 4, '28.00'),
(557, 3, 5, '40.00'),
(557, 8, 2, '11.00'),
(557, 14, 5, '40.00'),
(558, 3, 5, '40.00'),
(558, 13, 1, '7.50'),
(558, 16, 2, '15.00'),
(559, 9, 4, '28.00'),
(559, 16, 3, '22.50'),
(560, 1, 4, '28.00'),
(560, 16, 3, '22.50'),
(561, 3, 5, '40.00'),
(561, 7, 3, '15.00'),
(561, 13, 1, '7.50'),
(562, 1, 4, '28.00'),
(563, 3, 5, '40.00'),
(563, 11, 1, '8.00'),
(563, 15, 1, '7.00'),
(564, 4, 5, '42.50'),
(564, 14, 5, '40.00'),
(565, 13, 5, '37.50'),
(565, 16, 2, '15.00'),
(566, 4, 1, '8.50'),
(567, 11, 4, '32.00'),
(567, 15, 2, '14.00'),
(568, 12, 2, '14.00'),
(569, 2, 2, '15.00'),
(570, 4, 4, '34.00'),
(570, 11, 3, '24.00'),
(570, 14, 4, '32.00'),
(571, 12, 4, '28.00'),
(572, 6, 5, '25.00'),
(572, 10, 5, '37.50'),
(573, 13, 2, '15.00'),
(574, 2, 3, '22.50'),
(574, 16, 4, '30.00'),
(575, 16, 1, '7.50'),
(576, 2, 3, '22.50'),
(576, 11, 4, '32.00'),
(577, 1, 1, '7.00'),
(578, 14, 5, '40.00'),
(579, 1, 1, '7.00'),
(579, 12, 4, '28.00'),
(579, 13, 1, '7.50'),
(580, 8, 2, '11.00'),
(581, 10, 4, '30.00'),
(581, 14, 2, '16.00'),
(581, 15, 4, '28.00'),
(582, 2, 2, '15.00'),
(582, 10, 3, '22.50'),
(582, 15, 5, '35.00'),
(583, 10, 4, '30.00'),
(583, 12, 4, '28.00'),
(583, 13, 1, '7.50'),
(584, 4, 5, '42.50'),
(585, 2, 1, '7.50'),
(585, 3, 2, '16.00'),
(586, 5, 3, '27.00'),
(586, 9, 2, '14.00'),
(586, 10, 3, '22.50'),
(587, 15, 2, '14.00'),
(588, 9, 5, '35.00'),
(589, 7, 4, '20.00'),
(590, 2, 5, '37.50'),
(590, 7, 3, '15.00'),
(591, 4, 4, '34.00'),
(592, 11, 5, '40.00'),
(593, 9, 3, '21.00'),
(593, 11, 2, '16.00'),
(593, 14, 2, '16.00'),
(594, 8, 5, '27.50'),
(594, 11, 4, '32.00'),
(594, 14, 2, '16.00'),
(595, 10, 5, '37.50'),
(596, 1, 3, '21.00'),
(596, 6, 1, '5.00'),
(597, 6, 5, '25.00'),
(597, 14, 3, '24.00'),
(597, 16, 3, '22.50'),
(598, 7, 2, '10.00'),
(598, 13, 4, '30.00'),
(599, 16, 3, '22.50'),
(600, 1, 3, '21.00'),
(600, 11, 4, '32.00'),
(601, 4, 5, '42.50'),
(602, 4, 3, '25.50'),
(603, 5, 4, '36.00'),
(603, 15, 5, '35.00'),
(604, 6, 3, '15.00'),
(604, 14, 2, '16.00'),
(605, 2, 4, '30.00'),
(605, 7, 1, '5.00'),
(606, 7, 4, '20.00'),
(607, 4, 5, '42.50'),
(607, 12, 2, '14.00'),
(608, 1, 5, '35.00'),
(608, 3, 3, '24.00'),
(609, 9, 3, '21.00'),
(609, 10, 3, '22.50'),
(609, 12, 2, '14.00'),
(610, 9, 1, '7.00'),
(610, 12, 5, '35.00'),
(611, 11, 2, '16.00'),
(612, 2, 4, '30.00'),
(613, 7, 4, '20.00'),
(613, 8, 2, '11.00'),
(613, 14, 5, '40.00'),
(614, 14, 1, '8.00'),
(614, 15, 2, '14.00'),
(615, 7, 3, '15.00'),
(616, 6, 5, '25.00'),
(616, 10, 4, '30.00'),
(617, 1, 1, '7.00'),
(618, 2, 3, '22.50'),
(618, 7, 4, '20.00'),
(618, 14, 5, '40.00'),
(619, 6, 4, '20.00'),
(619, 7, 5, '25.00'),
(620, 5, 1, '9.00'),
(621, 1, 3, '21.00'),
(622, 4, 3, '25.50'),
(622, 7, 3, '15.00'),
(623, 1, 4, '28.00'),
(623, 2, 5, '37.50'),
(624, 9, 3, '21.00'),
(624, 14, 2, '16.00'),
(625, 2, 4, '30.00'),
(626, 5, 5, '45.00'),
(626, 14, 1, '8.00'),
(627, 4, 5, '42.50'),
(627, 8, 5, '27.50'),
(627, 12, 4, '28.00'),
(628, 2, 3, '22.50'),
(628, 13, 4, '30.00'),
(629, 7, 5, '25.00'),
(629, 9, 4, '28.00'),
(629, 16, 2, '15.00'),
(630, 14, 2, '16.00'),
(631, 11, 4, '32.00'),
(631, 12, 2, '14.00'),
(632, 1, 5, '35.00'),
(632, 5, 5, '45.00'),
(632, 16, 4, '30.00'),
(633, 4, 3, '25.50'),
(633, 7, 5, '25.00'),
(633, 9, 1, '7.00'),
(634, 1, 1, '7.00'),
(634, 3, 5, '40.00'),
(635, 4, 2, '17.00'),
(636, 12, 2, '14.00'),
(637, 16, 2, '15.00'),
(638, 3, 3, '24.00'),
(639, 6, 1, '5.00'),
(639, 12, 3, '21.00'),
(640, 5, 3, '27.00'),
(640, 11, 4, '32.00'),
(641, 1, 1, '7.00'),
(642, 3, 5, '40.00'),
(642, 5, 2, '18.00'),
(642, 15, 5, '35.00'),
(643, 3, 1, '8.00'),
(643, 8, 4, '22.00'),
(644, 16, 1, '7.50'),
(645, 6, 4, '20.00'),
(645, 16, 3, '22.50'),
(646, 3, 3, '24.00'),
(646, 16, 1, '7.50'),
(647, 11, 4, '32.00'),
(647, 15, 2, '14.00'),
(647, 16, 4, '30.00'),
(648, 14, 5, '40.00'),
(648, 15, 4, '28.00'),
(649, 3, 1, '8.00'),
(649, 7, 4, '20.00'),
(649, 16, 5, '37.50'),
(650, 2, 3, '22.50'),
(650, 12, 1, '7.00'),
(650, 16, 3, '22.50'),
(651, 1, 1, '7.00'),
(652, 4, 5, '42.50'),
(653, 15, 3, '21.00'),
(653, 16, 3, '22.50'),
(654, 4, 5, '42.50'),
(655, 16, 5, '37.50'),
(656, 4, 3, '25.50'),
(657, 8, 2, '11.00'),
(657, 12, 1, '7.00'),
(658, 9, 5, '35.00'),
(659, 4, 4, '34.00'),
(659, 11, 3, '24.00'),
(660, 2, 3, '22.50'),
(661, 2, 5, '37.50'),
(661, 8, 4, '22.00'),
(661, 13, 5, '37.50'),
(662, 11, 5, '40.00'),
(662, 14, 5, '40.00'),
(663, 13, 2, '15.00'),
(664, 7, 1, '5.00'),
(664, 9, 4, '28.00'),
(664, 11, 5, '40.00'),
(665, 16, 1, '7.50'),
(666, 1, 5, '35.00'),
(666, 9, 1, '7.00'),
(666, 11, 1, '8.00'),
(667, 1, 5, '35.00'),
(667, 9, 1, '7.00'),
(668, 6, 2, '10.00'),
(668, 14, 1, '8.00'),
(669, 3, 2, '16.00'),
(670, 2, 5, '37.50'),
(670, 5, 5, '45.00'),
(671, 9, 2, '14.00');

-- --------------------------------------------------------

--
-- Table structure for table `manager`
--

CREATE TABLE `manager` (
  `manager_id` double NOT NULL,
  `name` varchar(50) NOT NULL,
  `phone_number` varchar(20) DEFAULT NULL
) ENGINE=InnoDB DEFAULT CHARSET=utf8mb4;

--
-- Dumping data for table `manager`
--

INSERT INTO `manager` (`manager_id`, `name`, `phone_number`) VALUES
(1, 'Ali', '01112123434'),
(2, 'Abu', '0123456789'),
(3, 'Lee', '0144432081'),
(4, 'Kumar', '0166969420');

-- --------------------------------------------------------

--
-- Table structure for table `orders`
--

CREATE TABLE `orders` (
  `order_id` double NOT NULL,
  `outlet_id` double DEFAULT NULL,
  `customer_name` varchar(50) NOT NULL,
  `created_at` datetime NOT NULL DEFAULT current_timestamp(),
  `type` varchar(20) NOT NULL DEFAULT 'dine'
) ENGINE=InnoDB DEFAULT CHARSET=utf8mb4;

--
-- Dumping data for table `orders`
--

INSERT INTO `orders` (`order_id`, `outlet_id`, `customer_name`, `created_at`, `type`) VALUES
(1, 8, 'Isabel Long', '2020-01-15 14:46:50', 'takeaway'),
(2, 9, 'Alfred Conner', '2020-01-06 12:50:39', 'dine'),
(3, 8, 'William Castro', '2020-01-24 19:05:36', 'takeaway'),
(4, 10, 'Kathryn Hunter', '2020-01-07 22:18:41', 'dine'),
(5, 9, 'Caroline Ward', '2020-01-13 16:13:44', 'takeaway'),
(6, 7, 'Lloyd Barker', '2020-01-08 13:53:16', 'dine'),
(7, 3, 'Leroy Rice', '2020-01-08 01:20:52', 'takeaway'),
(8, 5, 'Maude Wilkerson', '2020-01-25 10:10:27', 'dine'),
(9, 10, 'Chad Ferguson', '2020-01-16 09:19:10', 'dine'),
(10, 7, 'Shane Frazier', '2020-01-13 08:02:37', 'dine'),
(11, 1, 'Landon Padilla', '2020-01-11 13:53:53', 'takeaway'),
(12, 10, 'Nell Malone', '2020-01-30 17:57:47', 'dine'),
(13, 2, 'Tommy Patterson', '2020-01-19 13:48:27', 'takeaway'),
(14, 1, 'Chris Murphy', '2020-01-27 17:11:26', 'takeaway'),
(15, 3, 'Jordan Wagner', '2020-01-21 14:36:49', 'takeaway'),
(16, 10, 'Elijah Lyons', '2020-01-10 19:17:09', 'dine'),
(17, 7, 'Viola Payne', '2020-01-20 07:06:37', 'dine'),
(18, 7, 'Maurice Davidson', '2020-01-05 23:41:40', 'dine'),
(19, 5, 'Lilly Morgan', '2020-01-26 22:31:22', 'dine'),
(20, 6, 'Lina Howard', '2020-01-06 22:05:42', 'takeaway'),
(21, 3, 'Logan Salazar', '2020-01-18 15:28:15', 'takeaway'),
(22, 6, 'Kenneth Casey', '2020-01-13 04:19:44', 'dine'),
(23, 10, 'Lawrence Reese', '2020-01-18 14:18:20', 'takeaway'),
(24, 7, 'Melvin Brady', '2020-01-22 06:06:20', 'takeaway'),
(25, 4, 'Ella Collins', '2020-01-20 06:19:47', 'dine'),
(26, 1, 'Lina Payne', '2020-01-01 03:53:55', 'dine'),
(27, 2, 'Cynthia Palmer', '2020-01-27 10:57:31', 'takeaway'),
(28, 4, 'Catherine Garrett', '2020-01-16 04:52:58', 'takeaway'),
(29, 7, 'Theresa Keller', '2020-01-03 12:58:03', 'dine'),
(30, 1, 'Clifford Alvarado', '2020-01-03 02:26:43', 'dine'),
(31, 9, 'Ralph Lambert', '2020-02-15 13:31:17', 'takeaway'),
(32, 3, 'Edward Collier', '2020-02-04 12:33:19', 'takeaway'),
(33, 6, 'Bertha Haynes', '2020-02-08 00:36:26', 'takeaway'),
(34, 9, 'Lucille Carr', '2020-02-13 04:49:24', 'dine'),
(35, 10, 'Genevieve Gibbs', '2020-02-25 02:47:31', 'dine'),
(36, 1, 'Ola Clarke', '2020-02-25 15:29:50', 'dine'),
(37, 4, 'Jimmy Wright', '2020-02-09 10:06:13', 'dine'),
(38, 2, 'Clarence Quinn', '2020-02-07 10:03:45', 'takeaway'),
(39, 2, 'Vernon McCormick', '2020-02-14 19:39:32', 'takeaway'),
(40, 7, 'Peter Cross', '2020-02-07 08:53:50', 'dine'),
(41, 1, 'Frederick Rhodes', '2020-02-18 12:03:23', 'takeaway'),
(42, 5, 'Erik Holt', '2020-02-01 07:25:45', 'takeaway'),
(43, 5, 'Stanley Smith', '2020-02-18 09:01:45', 'dine'),
(44, 3, 'Maggie Bradley', '2020-02-23 09:53:09', 'dine'),
(45, 1, 'Viola Atkins', '2020-02-28 03:00:28', 'takeaway'),
(46, 4, 'Harry Williams', '2020-02-19 09:45:53', 'dine'),
(47, 1, 'Leah Strickland', '2020-02-20 22:41:59', 'dine'),
(48, 1, 'Francis Hayes', '2020-02-08 19:39:46', 'dine'),
(49, 2, 'Georgie Washington', '2020-02-21 08:32:24', 'dine'),
(50, 6, 'Peter Hubbard', '2020-02-03 18:34:27', 'dine'),
(51, 1, 'Isabelle Pena', '2020-02-05 01:16:51', 'dine'),
(52, 8, 'Adeline Burton', '2020-02-26 14:30:23', 'dine'),
(53, 6, 'Catherine Rivera', '2020-02-28 17:30:54', 'dine'),
(54, 10, 'Rosa Hubbard', '2020-02-26 18:21:48', 'takeaway'),
(55, 7, 'Ina Lynch', '2020-02-16 13:03:39', 'takeaway'),
(56, 5, 'Eleanor Burns', '2020-02-06 16:40:10', 'takeaway'),
(57, 6, 'Marion Greene', '2020-03-02 17:58:11', 'takeaway'),
(58, 9, 'Cora Lambert', '2020-03-08 05:39:07', 'takeaway'),
(59, 3, 'Mitchell Joseph', '2020-03-10 21:58:36', 'dine'),
(60, 5, 'Maurice Graham', '2020-03-02 06:36:25', 'dine'),
(61, 5, 'Catherine McDonald', '2020-03-05 11:15:50', 'dine'),
(62, 9, 'Jesse Caldwell', '2020-03-29 17:54:07', 'dine'),
(63, 5, 'Bradley Harris', '2020-03-20 16:20:55', 'dine'),
(64, 2, 'Caroline Cannon', '2020-03-30 07:44:10', 'dine'),
(65, 7, 'Micheal Griffin', '2020-03-23 20:00:57', 'takeaway'),
(66, 6, 'Cecilia Ingram', '2020-03-02 12:42:55', 'dine'),
(67, 1, 'Estelle Gutierrez', '2020-03-02 07:10:24', 'takeaway'),
(68, 3, 'Noah Walsh', '2020-03-28 05:30:20', 'dine'),
(69, 10, 'Samuel McKenzie', '2020-03-09 23:19:05', 'dine'),
(70, 7, 'Elva Page', '2020-03-25 11:27:30', 'takeaway'),
(71, 10, 'Derek Rose', '2020-03-19 21:28:29', 'takeaway'),
(72, 1, 'Sophia Williamson', '2020-03-24 13:19:07', 'takeaway'),
(73, 9, 'Tillie Turner', '2020-03-07 09:20:07', 'dine'),
(74, 6, 'Caroline Hogan', '2020-03-09 11:40:36', 'takeaway'),
(75, 10, 'Marcus Fitzgerald', '2020-03-28 08:19:24', 'dine'),
(76, 5, 'Lucille Stone', '2020-03-20 19:03:50', 'takeaway'),
(77, 5, 'Polly Estrada', '2020-03-18 03:22:50', 'takeaway'),
(78, 3, 'Cora Weber', '2020-03-31 08:12:18', 'takeaway'),
(79, 3, 'Cory Hodges', '2020-03-04 12:21:28', 'takeaway'),
(80, 4, 'Alberta Tate', '2020-03-16 14:31:42', 'takeaway'),
(81, 5, 'Josephine Ball', '2020-03-06 17:08:10', 'takeaway'),
(82, 10, 'Clarence Holloway', '2020-03-07 07:11:15', 'dine'),
(83, 8, 'Angel Simpson', '2020-03-31 23:39:24', 'takeaway'),
(84, 6, 'Rose Harrington', '2020-03-31 14:10:02', 'dine'),
(85, 7, 'Elnora Gibbs', '2020-03-24 16:23:36', 'dine'),
(86, 10, 'Clara Francis', '2020-03-15 19:17:25', 'takeaway'),
(87, 6, 'Brett Hardy', '2020-03-26 14:21:31', 'dine'),
(88, 6, 'Leroy Russell', '2020-03-10 18:25:24', 'dine'),
(89, 8, 'Victor Larson', '2020-03-23 08:43:43', 'takeaway'),
(90, 1, 'Aaron Williamson', '2020-03-28 09:50:47', 'dine'),
(91, 7, 'Jeff Lambert', '2020-03-01 20:33:33', 'takeaway'),
(92, 3, 'Nancy Summers', '2020-03-11 10:04:24', 'takeaway'),
(93, 8, 'Eliza Arnold', '2020-03-03 04:48:04', 'takeaway'),
(94, 8, 'Roger Dean', '2020-03-28 07:00:16', 'takeaway'),
(95, 9, 'Hannah Hardy', '2020-03-02 09:55:27', 'takeaway'),
(96, 8, 'Sylvia Rose', '2020-03-18 00:06:25', 'dine'),
(97, 4, 'Florence Cannon', '2020-03-29 08:25:55', 'takeaway'),
(98, 2, 'Randy Richardson', '2020-03-01 21:17:08', 'takeaway'),
(99, 8, 'Bernice Bates', '2020-03-29 17:41:16', 'takeaway'),
(100, 5, 'Loretta Luna', '2020-03-17 17:51:43', 'dine'),
(101, 10, 'Ethan Delgado', '2020-03-07 03:41:27', 'takeaway'),
(102, 6, 'Harvey Elliott', '2020-03-11 22:27:19', 'dine'),
(103, 2, 'Elizabeth Lowe', '2020-03-22 04:46:32', 'takeaway'),
(104, 1, 'Nathan Thomas', '2020-03-28 16:53:11', 'dine'),
(105, 9, 'Maud McBride', '2020-03-24 17:45:22', 'dine'),
(106, 4, 'Alex Butler', '2020-03-25 06:26:01', 'dine'),
(107, 1, 'Rebecca Davidson', '2020-04-20 04:14:13', 'dine'),
(108, 2, 'Jeffery Garza', '2020-04-07 08:00:17', 'takeaway'),
(109, 1, 'Jordan Sanders', '2020-04-04 22:21:29', 'takeaway'),
(110, 7, 'Fannie Horton', '2020-04-19 14:55:16', 'takeaway'),
(111, 4, 'Abbie Boone', '2020-04-22 12:06:22', 'dine'),
(112, 2, 'Della Colon', '2020-04-25 08:38:49', 'dine'),
(113, 1, 'Cordelia Wise', '2020-04-04 13:52:50', 'dine'),
(114, 4, 'Edward Nash', '2020-04-21 14:36:35', 'dine'),
(115, 9, 'Janie Duncan', '2020-04-22 01:48:34', 'takeaway'),
(116, 7, 'Sally Richards', '2020-04-06 17:16:42', 'takeaway'),
(117, 3, 'Elnora Pope', '2020-04-03 19:56:16', 'dine'),
(118, 5, 'Ian Rose', '2020-04-10 06:42:49', 'dine'),
(119, 2, 'Ethel Kelly', '2020-04-07 15:50:20', 'dine'),
(120, 6, 'Ernest Tucker', '2020-04-18 10:31:43', 'takeaway'),
(121, 2, 'Franklin Cortez', '2020-04-27 07:54:48', 'takeaway'),
(122, 1, 'Stanley Ray', '2020-04-07 07:02:36', 'takeaway'),
(123, 5, 'Keith Evans', '2020-04-01 06:36:21', 'takeaway'),
(124, 1, 'Edna Klein', '2020-04-24 20:15:53', 'takeaway'),
(125, 8, 'Harriett Singleton', '2020-04-06 20:28:37', 'takeaway'),
(126, 8, 'Ola Clarke', '2020-04-06 22:16:46', 'dine'),
(127, 10, 'Ina Tran', '2020-04-16 00:34:26', 'takeaway'),
(128, 2, 'Cody Ellis', '2020-04-10 18:54:41', 'dine'),
(129, 10, 'Ronnie Montgomery', '2020-04-26 17:23:39', 'takeaway'),
(130, 4, 'Nettie Daniel', '2020-04-21 19:10:07', 'takeaway'),
(131, 6, 'Louis Pittman', '2020-04-26 00:50:58', 'dine'),
(132, 2, 'Cynthia Shaw', '2020-04-19 12:16:45', 'takeaway'),
(133, 7, 'Matilda Craig', '2020-04-27 23:19:05', 'takeaway'),
(134, 8, 'Antonio Howard', '2020-04-18 11:59:15', 'takeaway'),
(135, 2, 'Jackson Jennings', '2020-04-04 10:42:38', 'takeaway'),
(136, 6, 'Virginia Sanders', '2020-04-25 23:44:26', 'dine'),
(137, 6, 'Harvey Montgomery', '2020-04-21 12:32:04', 'takeaway'),
(138, 9, 'Jorge Obrien', '2020-04-15 15:02:10', 'takeaway'),
(139, 8, 'Matthew Roy', '2020-04-04 14:53:30', 'takeaway'),
(140, 7, 'Jerome Tucker', '2020-04-03 00:26:46', 'takeaway'),
(141, 4, 'Gussie Peterson', '2020-05-26 00:33:00', 'dine'),
(142, 7, 'Christian Allison', '2020-05-05 08:37:29', 'takeaway'),
(143, 7, 'Clara Romero', '2020-05-06 12:51:31', 'takeaway'),
(144, 10, 'Bernard Hodges', '2020-05-20 01:19:02', 'dine'),
(145, 5, 'Jacob Collins', '2020-05-31 05:37:06', 'dine'),
(146, 3, 'Chris Diaz', '2020-05-11 18:16:11', 'dine'),
(147, 4, 'Luke Moran', '2020-05-04 17:09:19', 'takeaway'),
(148, 8, 'Joshua Pierce', '2020-05-17 13:20:09', 'dine'),
(149, 6, 'Minnie Ford', '2020-05-11 15:19:32', 'dine'),
(150, 6, 'Katherine Robertson', '2020-05-04 02:55:58', 'takeaway'),
(151, 4, 'Lou Rodriguez', '2020-05-07 14:15:51', 'takeaway'),
(152, 10, 'Alberta Meyer', '2020-05-20 02:15:22', 'dine'),
(153, 1, 'Glenn Mullins', '2020-05-12 20:32:56', 'takeaway'),
(154, 10, 'Derrick Perry', '2020-05-20 15:18:10', 'takeaway'),
(155, 4, 'Jean Moss', '2020-05-18 20:52:23', 'dine'),
(156, 9, 'Don Hampton', '2020-06-14 16:10:38', 'takeaway'),
(157, 8, 'Troy Hubbard', '2020-06-16 18:52:50', 'takeaway'),
(158, 2, 'Marie Luna', '2020-06-12 23:24:21', 'takeaway'),
(159, 7, 'Lawrence Dawson', '2020-06-23 09:38:30', 'dine'),
(160, 8, 'Sarah Nelson', '2020-06-24 02:03:09', 'takeaway'),
(161, 2, 'Kathryn Schneider', '2020-06-17 11:01:23', 'takeaway'),
(162, 1, 'Lee Alvarez', '2020-06-22 09:53:43', 'dine'),
(163, 7, 'Elmer Miles', '2020-06-19 01:12:05', 'takeaway'),
(164, 3, 'Ollie Barker', '2020-06-22 21:48:25', 'takeaway'),
(165, 8, 'Gussie Lawrence', '2020-06-12 13:16:37', 'dine'),
(166, 5, 'Andre Gray', '2020-06-06 18:31:43', 'takeaway'),
(167, 10, 'Angel Gibson', '2020-06-27 02:45:26', 'dine'),
(168, 5, 'Gussie Norton', '2020-06-27 07:18:37', 'takeaway'),
(169, 6, 'Antonio Bryan', '2020-06-04 11:53:10', 'dine'),
(170, 4, 'Vernon Gibson', '2020-06-25 12:39:37', 'dine'),
(171, 6, 'Cordelia Boyd', '2020-06-04 04:00:53', 'takeaway'),
(172, 9, 'Jeff Hubbard', '2020-06-20 16:01:07', 'dine'),
(173, 10, 'Edna Chapman', '2020-06-17 03:21:00', 'dine'),
(174, 10, 'Caleb Wilson', '2020-06-04 12:27:32', 'dine'),
(175, 4, 'Iva Wright', '2020-06-01 07:40:31', 'takeaway'),
(176, 1, 'Elizabeth Ross', '2020-06-30 23:50:53', 'takeaway'),
(177, 7, 'Elmer Quinn', '2020-06-27 13:29:33', 'takeaway'),
(178, 9, 'Callie Long', '2020-06-29 02:13:18', 'dine'),
(179, 4, 'Mable Clayton', '2020-06-10 03:09:15', 'takeaway'),
(180, 6, 'Mayme Bowman', '2020-06-26 11:46:03', 'takeaway'),
(181, 8, 'Ryan McCarthy', '2020-06-29 02:56:13', 'dine'),
(182, 6, 'Gregory Holloway', '2020-06-17 23:35:03', 'takeaway'),
(183, 2, 'Gabriel Wolfe', '2020-06-07 15:09:11', 'takeaway'),
(184, 1, 'Mario Carson', '2020-06-22 21:03:41', 'dine'),
(185, 4, 'Randy Paul', '2020-06-09 15:23:01', 'dine'),
(186, 2, 'Leo McLaughlin', '2020-06-23 06:08:33', 'takeaway'),
(187, 10, 'Tony Summers', '2020-06-11 19:34:48', 'dine'),
(188, 10, 'Alfred Manning', '2020-06-19 02:54:44', 'dine'),
(189, 2, 'James Bell', '2020-06-10 05:12:51', 'takeaway'),
(190, 2, 'Gilbert Simmons', '2020-06-24 15:52:31', 'dine'),
(191, 5, 'Allie Stevenson', '2020-07-29 10:37:17', 'takeaway'),
(192, 5, 'Ronald Porter', '2020-07-05 17:46:52', 'takeaway'),
(193, 8, 'Ida Park', '2020-07-17 11:07:19', 'dine'),
(194, 8, 'Hulda McCarthy', '2020-07-22 08:33:06', 'takeaway'),
(195, 2, 'Allie Ramsey', '2020-07-22 21:38:22', 'dine'),
(196, 9, 'Lucas Cain', '2020-07-24 10:23:06', 'takeaway'),
(197, 4, 'Sophia Thomas', '2020-07-13 05:54:51', 'dine'),
(198, 6, 'Anthony Zimmerman', '2020-07-04 17:04:31', 'dine'),
(199, 1, 'Lina Underwood', '2020-07-11 17:44:50', 'dine'),
(200, 1, 'Leonard Allison', '2020-07-06 21:33:22', 'dine'),
(201, 5, 'Beulah Hampton', '2020-07-10 19:38:45', 'dine'),
(202, 10, 'Cecelia Francis', '2020-07-11 09:05:42', 'dine'),
(203, 10, 'Devin Vargas', '2020-07-01 05:26:47', 'dine'),
(204, 4, 'Christopher Pratt', '2020-07-16 23:50:41', 'takeaway'),
(205, 7, 'Addie Clarke', '2020-07-20 14:34:20', 'takeaway'),
(206, 9, 'William Manning', '2020-07-23 19:49:22', 'takeaway'),
(207, 7, 'Harold Logan', '2020-08-22 03:47:30', 'dine'),
(208, 10, 'Ada Daniel', '2020-08-14 03:45:25', 'takeaway'),
(209, 7, 'Ronald Warren', '2020-08-16 07:54:57', 'takeaway'),
(210, 6, 'Leonard Brooks', '2020-08-14 03:31:55', 'dine'),
(211, 5, 'Clara Huff', '2020-08-01 07:44:00', 'dine'),
(212, 1, 'Jesse Mason', '2020-08-12 19:52:25', 'dine'),
(213, 6, 'Corey Fuller', '2020-08-23 14:51:03', 'dine'),
(214, 3, 'David Griffith', '2020-08-18 20:31:03', 'dine'),
(215, 4, 'Lelia Lane', '2020-08-23 05:52:24', 'takeaway'),
(216, 7, 'Victoria McCarthy', '2020-08-25 07:06:51', 'dine'),
(217, 2, 'Adrian Gilbert', '2020-08-05 13:34:58', 'takeaway'),
(218, 6, 'Fannie Brock', '2020-08-18 06:26:59', 'dine'),
(219, 6, 'Isabelle Greene', '2020-08-28 13:04:43', 'takeaway'),
(220, 7, 'Ann Salazar', '2020-08-15 02:42:17', 'takeaway'),
(221, 2, 'Adam Dean', '2020-08-07 03:17:47', 'dine'),
(222, 3, 'Antonio Patterson', '2020-08-10 23:59:53', 'dine'),
(223, 5, 'Inez Obrien', '2020-08-28 03:00:04', 'dine'),
(224, 9, 'Julia Carroll', '2020-08-16 12:58:21', 'takeaway'),
(225, 3, 'Ella Hardy', '2020-08-16 21:13:08', 'takeaway'),
(226, 3, 'Allie Bell', '2020-08-14 03:13:34', 'dine'),
(227, 5, 'Allie Austin', '2020-08-28 05:05:35', 'dine'),
(228, 10, 'Marguerite Burgess', '2020-08-24 05:20:01', 'dine'),
(229, 6, 'Norman Doyle', '2020-08-14 19:49:20', 'takeaway'),
(230, 1, 'Gordon Douglas', '2020-09-25 06:32:49', 'takeaway'),
(231, 1, 'Bradley Ford', '2020-09-16 11:31:17', 'dine'),
(232, 2, 'Blake Leonard', '2020-09-15 12:01:33', 'takeaway'),
(233, 2, 'Alta Gonzalez', '2020-09-26 18:30:11', 'dine'),
(234, 9, 'Sophie Perry', '2020-09-13 15:06:13', 'takeaway'),
(235, 3, 'Lucile Cummings', '2020-09-24 08:13:19', 'dine'),
(236, 7, 'Dustin Goodwin', '2020-09-15 15:56:04', 'takeaway'),
(237, 9, 'Mary Patterson', '2020-09-22 11:30:16', 'takeaway'),
(238, 2, 'Eddie Cortez', '2020-09-26 05:01:31', 'dine'),
(239, 5, 'Maud Morrison', '2020-09-04 02:22:25', 'takeaway'),
(240, 9, 'Jim Wolfe', '2020-09-23 18:54:33', 'takeaway'),
(241, 7, 'Leo Ingram', '2020-09-26 18:10:19', 'dine'),
(242, 3, 'Marguerite Abbott', '2020-09-09 19:17:28', 'dine'),
(243, 5, 'Lucile Vega', '2020-09-19 05:13:01', 'dine'),
(244, 7, 'David Hughes', '2020-09-02 00:42:14', 'takeaway'),
(245, 2, 'Chad Perez', '2020-09-03 16:43:30', 'dine'),
(246, 1, 'Jonathan Holt', '2020-09-27 02:52:22', 'takeaway'),
(247, 3, 'Lawrence Hale', '2020-09-15 21:35:10', 'takeaway'),
(248, 7, 'Virginia Morton', '2020-09-13 10:05:52', 'takeaway'),
(249, 9, 'Belle Barber', '2020-09-02 16:30:37', 'dine'),
(250, 8, 'Warren Scott', '2020-09-17 01:46:38', 'dine'),
(251, 7, 'Jordan Salazar', '2020-09-03 19:36:50', 'dine'),
(252, 3, 'Charlotte Hansen', '2020-09-24 21:40:05', 'takeaway'),
(253, 6, 'Larry Townsend', '2020-09-20 21:22:56', 'dine'),
(254, 8, 'Rachel Brown', '2020-09-22 01:33:22', 'dine'),
(255, 8, 'Ollie Snyder', '2020-09-06 09:14:00', 'dine'),
(256, 3, 'John Peterson', '2020-09-23 04:39:12', 'takeaway'),
(257, 2, 'Eugene Peters', '2020-09-29 09:08:02', 'dine'),
(258, 9, 'Jeffrey Roberson', '2020-09-21 12:19:15', 'takeaway'),
(259, 7, 'Jordan Ball', '2020-09-19 20:05:45', 'dine'),
(260, 1, 'Mae Gray', '2020-09-28 17:05:24', 'takeaway'),
(261, 2, 'Roger Love', '2020-09-04 17:26:16', 'takeaway'),
(262, 1, 'Owen Johnson', '2020-09-29 09:09:48', 'takeaway'),
(263, 2, 'Harry Newman', '2020-10-31 01:17:29', 'dine'),
(264, 3, 'Ryan West', '2020-10-17 04:30:47', 'dine'),
(265, 4, 'Abbie Mathis', '2020-10-10 19:14:02', 'dine'),
(266, 2, 'Lucas Hale', '2020-10-24 05:42:44', 'takeaway'),
(267, 2, 'Billy Gonzalez', '2020-10-02 17:24:59', 'takeaway'),
(268, 7, 'Ora Maldonado', '2020-10-03 23:41:21', 'dine'),
(269, 3, 'Ian Fitzgerald', '2020-10-01 06:13:05', 'takeaway'),
(270, 5, 'Eddie Kennedy', '2020-10-28 17:30:49', 'takeaway'),
(271, 4, 'Lettie Stewart', '2020-10-19 19:27:37', 'takeaway'),
(272, 5, 'Walter Holloway', '2020-10-18 20:24:43', 'takeaway'),
(273, 7, 'Owen Sparks', '2020-10-11 07:39:27', 'takeaway'),
(274, 7, 'Michael Marshall', '2020-10-29 19:43:00', 'dine'),
(275, 1, 'Sue Miles', '2020-10-28 07:11:14', 'takeaway'),
(276, 2, 'Matthew Dennis', '2020-10-23 15:13:10', 'takeaway'),
(277, 2, 'Bill Johnston', '2020-10-30 00:28:25', 'dine'),
(278, 3, 'Tyler Pratt', '2020-10-08 10:41:17', 'dine'),
(279, 8, 'Gary Sherman', '2020-10-03 20:48:21', 'takeaway'),
(280, 6, 'Phillip Jensen', '2020-10-17 14:43:45', 'dine'),
(281, 5, 'Clifford Miles', '2020-10-19 13:15:51', 'dine'),
(282, 5, 'Dylan Roberson', '2020-10-07 09:19:27', 'takeaway'),
(283, 3, 'Barry McGuire', '2020-10-04 17:07:04', 'dine'),
(284, 4, 'Isaiah Hart', '2020-10-18 03:44:49', 'takeaway'),
(285, 6, 'Glenn Nash', '2020-10-09 11:04:20', 'dine'),
(286, 5, 'Linnie Boyd', '2020-11-20 00:00:40', 'dine'),
(287, 8, 'Andre Santiago', '2020-11-15 14:15:14', 'dine'),
(288, 6, 'Albert Hammond', '2020-11-05 11:22:56', 'dine'),
(289, 2, 'John Clarke', '2020-11-16 18:56:31', 'dine'),
(290, 5, 'Maurice Kelley', '2020-11-18 21:10:55', 'dine'),
(291, 3, 'Frederick Horton', '2020-11-19 01:57:10', 'dine'),
(292, 3, 'Charlie Mitchell', '2020-11-11 22:38:53', 'takeaway'),
(293, 5, 'Edwin Berry', '2020-11-26 14:22:51', 'takeaway'),
(294, 9, 'Adam McCormick', '2020-11-09 16:52:13', 'dine'),
(295, 5, 'Leon Rowe', '2020-11-26 03:17:20', 'dine'),
(296, 8, 'Hannah Peters', '2020-11-19 17:34:06', 'dine'),
(297, 5, 'Kathryn Ortiz', '2020-11-23 03:46:20', 'takeaway'),
(298, 6, 'Barbara Mason', '2020-11-17 18:38:48', 'dine'),
(299, 7, 'Russell Wade', '2020-11-22 05:55:09', 'takeaway'),
(300, 8, 'Adelaide Gregory', '2020-11-26 22:37:36', 'dine'),
(301, 10, 'Leona Clark', '2020-11-22 11:56:57', 'dine'),
(302, 7, 'Evelyn Singleton', '2020-11-04 14:31:54', 'takeaway'),
(303, 8, 'Miguel Norris', '2020-11-10 03:27:46', 'takeaway'),
(304, 6, 'Flora Page', '2020-11-09 04:38:28', 'takeaway'),
(305, 4, 'Abbie Schultz', '2020-11-21 00:44:22', 'dine'),
(306, 9, 'Jeffrey Montgomery', '2020-11-16 01:57:14', 'dine'),
(307, 6, 'Terry Ward', '2020-11-10 21:18:59', 'takeaway'),
(308, 5, 'Trevor Knight', '2020-11-16 20:34:45', 'takeaway'),
(309, 2, 'Jeffrey Cain', '2020-11-10 03:21:25', 'dine'),
(310, 4, 'Elizabeth Ramsey', '2020-11-01 05:32:20', 'takeaway'),
(311, 5, 'Eugene Harrington', '2020-11-09 11:27:38', 'takeaway'),
(312, 6, 'Julia Turner', '2020-11-03 03:46:38', 'dine'),
(313, 2, 'Elijah Watson', '2020-11-09 08:47:29', 'takeaway'),
(314, 10, 'Cordelia Pearson', '2020-11-11 15:17:40', 'takeaway'),
(315, 9, 'Olivia Rose', '2020-11-12 03:34:30', 'takeaway'),
(316, 1, 'Jonathan Hall', '2020-11-17 19:28:49', 'takeaway'),
(317, 5, 'Erik Ball', '2020-11-23 12:37:34', 'dine'),
(318, 2, 'Katharine Greene', '2020-11-25 09:49:41', 'dine'),
(319, 10, 'Evan Jennings', '2020-11-23 10:04:19', 'dine'),
(320, 9, 'Lora Elliott', '2020-11-17 06:35:56', 'dine'),
(321, 4, 'Todd Webb', '2020-11-09 13:56:48', 'takeaway'),
(322, 2, 'Marvin Joseph', '2020-11-15 00:50:13', 'takeaway'),
(323, 10, 'Nancy Turner', '2020-11-17 04:06:38', 'takeaway'),
(324, 9, 'Connor Park', '2020-11-11 16:33:38', 'dine'),
(325, 5, 'Dennis Sandoval', '2020-11-30 09:40:07', 'takeaway'),
(326, 1, 'Cody Smith', '2020-12-06 14:05:44', 'dine'),
(327, 6, 'Lee Erickson', '2020-12-28 09:30:46', 'dine'),
(328, 1, 'Clayton Becker', '2020-12-30 22:22:04', 'takeaway'),
(329, 7, 'Minerva Mathis', '2020-12-07 03:20:01', 'takeaway'),
(330, 2, 'Albert McBride', '2020-12-24 12:25:10', 'takeaway'),
(331, 10, 'Mattie Hardy', '2020-12-04 07:17:41', 'dine'),
(332, 4, 'Ina McLaughlin', '2020-12-22 06:51:55', 'takeaway'),
(333, 4, 'Laura Simmons', '2020-12-31 19:45:38', 'takeaway'),
(334, 6, 'Arthur Collier', '2020-12-29 18:56:12', 'dine'),
(335, 3, 'Christopher Briggs', '2020-12-12 07:45:57', 'takeaway'),
(336, 10, 'Devin Keller', '2020-12-13 13:11:03', 'takeaway'),
(337, 3, 'Rosetta Walsh', '2020-12-04 16:23:29', 'dine'),
(338, 10, 'Harriet Mills', '2020-12-26 00:19:07', 'dine'),
(339, 1, 'Gary Griffith', '2020-12-12 17:57:45', 'takeaway'),
(340, 2, 'Violet Jackson', '2020-12-05 19:42:52', 'dine'),
(341, 2, 'Susie Nunez', '2020-12-29 23:01:49', 'takeaway'),
(342, 3, 'Cody Curtis', '2020-12-08 12:33:48', 'dine'),
(343, 1, 'Ernest Austin', '2020-12-18 01:44:11', 'takeaway'),
(344, 2, 'Isaiah Reyes', '2021-01-09 08:50:58', 'takeaway'),
(345, 8, 'Mable Cox', '2021-01-29 14:52:56', 'dine'),
(346, 5, 'Vincent Howard', '2021-01-29 14:15:26', 'takeaway'),
(347, 1, 'Billy Clarke', '2021-01-03 22:50:03', 'dine'),
(348, 3, 'Roxie Coleman', '2021-01-20 17:31:54', 'takeaway'),
(349, 5, 'Maurice Curry', '2021-01-27 02:42:24', 'dine'),
(350, 3, 'Rena Meyer', '2021-01-10 11:32:46', 'takeaway'),
(351, 6, 'Terry Webb', '2021-01-02 14:54:57', 'dine'),
(352, 1, 'Christopher Butler', '2021-01-31 02:45:24', 'takeaway'),
(353, 8, 'Ina Medina', '2021-01-20 02:22:52', 'takeaway'),
(354, 9, 'Gregory Reyes', '2021-01-21 23:39:22', 'dine'),
(355, 3, 'Maude Vasquez', '2021-01-22 19:42:58', 'takeaway'),
(356, 4, 'Augusta Love', '2021-01-09 05:35:24', 'dine'),
(357, 3, 'Dora Kim', '2021-01-14 17:16:56', 'dine'),
(358, 1, 'Manuel Watson', '2021-01-22 03:00:40', 'takeaway'),
(359, 6, 'Irene Allen', '2021-01-07 18:48:21', 'dine'),
(360, 1, 'Virgie Gilbert', '2021-01-25 03:12:34', 'dine'),
(361, 5, 'Patrick Crawford', '2021-01-23 19:18:26', 'dine'),
(362, 10, 'Henrietta Rice', '2021-02-12 03:20:41', 'dine'),
(363, 6, 'Georgia Torres', '2021-02-27 09:03:59', 'takeaway'),
(364, 9, 'Joe Lee', '2021-02-15 20:18:36', 'dine'),
(365, 5, 'Bertie Franklin', '2021-02-27 15:03:51', 'dine'),
(366, 10, 'Elsie Spencer', '2021-02-15 08:43:26', 'takeaway'),
(367, 3, 'Curtis Woods', '2021-02-15 11:59:54', 'takeaway'),
(368, 9, 'Chris Brock', '2021-02-21 04:43:58', 'takeaway'),
(369, 8, 'Leo Maldonado', '2021-02-23 03:04:15', 'dine'),
(370, 9, 'Brandon Wilkins', '2021-02-09 18:20:23', 'dine'),
(371, 9, 'Olive Peterson', '2021-02-19 19:07:33', 'dine'),
(372, 1, 'Jeffrey Roy', '2021-02-17 00:58:49', 'dine'),
(373, 8, 'Louisa Salazar', '2021-02-23 13:38:49', 'takeaway'),
(374, 7, 'Stella Soto', '2021-02-03 04:01:52', 'dine'),
(375, 5, 'Nathan Houston', '2021-03-01 19:32:50', 'dine'),
(376, 2, 'Pearl Ball', '2021-03-20 15:04:37', 'takeaway'),
(377, 2, 'Bessie Fox', '2021-03-13 03:22:56', 'dine'),
(378, 6, 'Mollie Welch', '2021-03-19 02:38:07', 'dine'),
(379, 8, 'Juan Strickland', '2021-03-03 13:07:30', 'dine'),
(380, 6, 'Mayme McLaughlin', '2021-03-06 02:02:09', 'dine'),
(381, 7, 'Timothy Douglas', '2021-03-19 22:20:17', 'dine'),
(382, 10, 'Alex Romero', '2021-03-10 10:17:45', 'takeaway'),
(383, 8, 'Bettie Parks', '2021-03-02 15:58:26', 'takeaway'),
(384, 9, 'Luke Nunez', '2021-03-27 14:10:09', 'takeaway'),
(385, 1, 'Robert Rice', '2021-03-23 13:26:46', 'dine'),
(386, 3, 'Ethel McGee', '2021-03-04 01:41:22', 'takeaway'),
(387, 6, 'Edwin Joseph', '2021-03-22 06:03:02', 'dine'),
(388, 5, 'Alex Burns', '2021-03-12 22:27:00', 'takeaway'),
(389, 7, 'Mike Singleton', '2021-03-29 05:54:14', 'takeaway'),
(390, 8, 'Alvin Carlson', '2021-03-27 17:47:42', 'dine'),
(391, 4, 'Dennis Garcia', '2021-03-26 08:20:08', 'dine'),
(392, 2, 'Earl Pearson', '2021-03-24 02:35:26', 'dine'),
(393, 7, 'Lora Weber', '2021-03-15 04:46:07', 'dine'),
(394, 1, 'Fanny Summers', '2021-03-13 18:30:30', 'dine'),
(395, 2, 'Harvey Burgess', '2021-03-31 11:53:01', 'takeaway'),
(396, 1, 'Sophie Carlson', '2021-03-18 12:25:21', 'dine'),
(397, 9, 'Carl Washington', '2021-03-06 19:48:42', 'takeaway'),
(398, 1, 'Jane Sullivan', '2021-03-11 11:21:39', 'takeaway'),
(399, 2, 'Allie Hughes', '2021-03-27 17:21:59', 'takeaway'),
(400, 1, 'Bess Patterson', '2021-03-12 23:01:30', 'takeaway'),
(401, 1, 'Tony Garza', '2021-03-22 22:04:06', 'takeaway'),
(402, 10, 'Laura Taylor', '2021-03-03 19:16:55', 'takeaway'),
(403, 10, 'Ricky Carter', '2021-03-14 07:00:19', 'takeaway'),
(404, 4, 'Dylan Delgado', '2021-03-05 02:40:51', 'dine'),
(405, 10, 'Arthur Simon', '2021-03-10 15:14:22', 'dine'),
(406, 9, 'Lucile McCoy', '2021-03-03 10:35:24', 'takeaway'),
(407, 10, 'Erik Cruz', '2021-03-07 12:45:12', 'dine'),
(408, 2, 'Ada Ramos', '2021-03-23 13:26:01', 'takeaway'),
(409, 7, 'Annie Webster', '2021-03-27 08:02:54', 'takeaway'),
(410, 5, 'Genevieve Pittman', '2021-03-04 23:49:26', 'dine'),
(411, 4, 'Ivan Potter', '2021-03-26 18:03:51', 'dine'),
(412, 4, 'Grace Bennett', '2021-03-02 00:29:32', 'takeaway'),
(413, 6, 'Annie Dixon', '2021-03-04 13:16:03', 'dine'),
(414, 1, 'Leona Lawrence', '2021-03-06 01:31:01', 'takeaway'),
(415, 2, 'Bruce Wood', '2021-03-17 01:17:21', 'takeaway'),
(416, 2, 'Harvey Douglas', '2021-04-28 16:32:22', 'takeaway'),
(417, 4, 'Andre Potter', '2021-04-10 06:44:36', 'takeaway'),
(418, 5, 'Edith Sutton', '2021-04-21 09:07:07', 'takeaway'),
(419, 3, 'Genevieve Miles', '2021-04-20 19:57:20', 'dine'),
(420, 8, 'Martha Sanchez', '2021-04-30 02:05:15', 'takeaway'),
(421, 3, 'Arthur Francis', '2021-04-22 01:20:53', 'takeaway'),
(422, 8, 'Michael Mack', '2021-04-10 15:46:24', 'takeaway'),
(423, 2, 'Georgie Lindsey', '2021-04-05 12:14:02', 'dine'),
(424, 6, 'Curtis Gutierrez', '2021-04-30 14:42:32', 'dine'),
(425, 8, 'Justin Norman', '2021-04-14 16:50:43', 'takeaway'),
(426, 8, 'Ina Harper', '2021-04-21 06:47:21', 'takeaway'),
(427, 2, 'Erik Ward', '2021-04-30 14:01:09', 'dine'),
(428, 2, 'Marie Douglas', '2021-04-01 23:08:25', 'dine'),
(429, 7, 'Ricky Allen', '2021-04-21 21:10:37', 'dine'),
(430, 6, 'Stephen Christensen', '2021-04-17 11:23:17', 'takeaway'),
(431, 5, 'Rosa Palmer', '2021-04-16 01:09:36', 'dine'),
(432, 8, 'Steven Tucker', '2021-04-16 03:35:53', 'takeaway'),
(433, 10, 'Olga Barrett', '2021-04-29 14:04:05', 'dine'),
(434, 7, 'Willie Daniel', '2021-04-06 10:23:22', 'takeaway'),
(435, 6, 'Oscar Murphy', '2021-04-26 18:28:30', 'dine'),
(436, 7, 'Delia Olson', '2021-04-28 03:16:08', 'dine'),
(437, 2, 'Addie Myers', '2021-04-06 00:38:02', 'dine'),
(438, 7, 'Raymond Bowers', '2021-04-16 03:29:05', 'dine'),
(439, 6, 'Calvin Copeland', '2021-04-30 20:42:44', 'takeaway'),
(440, 8, 'Pauline Wilson', '2021-04-23 21:29:18', 'dine'),
(441, 10, 'Charlotte Becker', '2021-04-08 21:48:21', 'takeaway'),
(442, 1, 'Lucinda Johnson', '2021-04-02 19:59:59', 'dine'),
(443, 10, 'Bertha Lyons', '2021-05-27 12:59:55', 'takeaway'),
(444, 3, 'Charles Harmon', '2021-05-21 14:51:02', 'dine'),
(445, 2, 'Glenn Martinez', '2021-05-13 20:22:08', 'dine'),
(446, 6, 'Myrtie Clayton', '2021-05-19 12:11:06', 'dine'),
(447, 5, 'Charlotte Perez', '2021-05-19 05:30:44', 'takeaway'),
(448, 10, 'Mollie Hammond', '2021-05-12 16:34:49', 'dine'),
(449, 10, 'Alex Jensen', '2021-05-08 19:41:21', 'dine'),
(450, 10, 'Lily Curry', '2021-05-17 07:03:57', 'dine'),
(451, 3, 'Miguel Powers', '2021-05-08 16:17:15', 'takeaway'),
(452, 9, 'Elijah Cook', '2021-05-07 03:08:57', 'dine'),
(453, 5, 'Teresa Wade', '2021-05-04 05:06:05', 'dine'),
(454, 2, 'Jose Gray', '2021-05-24 19:37:54', 'dine'),
(455, 2, 'Daisy Simpson', '2021-05-30 05:42:45', 'takeaway'),
(456, 6, 'Kevin Goodwin', '2021-05-07 00:27:48', 'takeaway'),
(457, 9, 'Bryan Day', '2021-05-18 17:45:43', 'dine'),
(458, 7, 'Marion Luna', '2021-05-24 11:34:15', 'dine'),
(459, 6, 'Nannie Flowers', '2021-05-06 08:36:10', 'takeaway'),
(460, 4, 'Carl Norris', '2021-05-05 08:36:23', 'dine'),
(461, 9, 'Dominic Wilkins', '2021-05-19 16:04:50', 'dine'),
(462, 3, 'Myrtle Griffith', '2021-06-14 01:55:19', 'takeaway'),
(463, 9, 'Jerry Black', '2021-06-13 15:11:37', 'dine'),
(464, 9, 'Edgar Page', '2021-06-27 11:12:19', 'takeaway'),
(465, 6, 'Clayton Roberson', '2021-06-07 00:57:31', 'takeaway'),
(466, 3, 'Cody Rodriguez', '2021-06-15 08:16:36', 'takeaway'),
(467, 9, 'Gene Patterson', '2021-06-29 07:21:29', 'takeaway'),
(468, 2, 'Ellen Martinez', '2021-06-09 14:24:30', 'takeaway'),
(469, 5, 'Nina Spencer', '2021-06-12 00:40:45', 'dine'),
(470, 1, 'Stella Joseph', '2021-06-07 21:31:39', 'takeaway'),
(471, 7, 'Adeline Chapman', '2021-06-25 21:05:59', 'takeaway'),
(472, 10, 'Melvin Green', '2021-06-18 02:31:46', 'takeaway'),
(473, 2, 'Rosetta Spencer', '2021-06-02 09:29:33', 'takeaway'),
(474, 8, 'Minnie Bush', '2021-06-16 09:55:06', 'dine'),
(475, 9, 'Eliza Mason', '2021-06-09 18:53:55', 'takeaway'),
(476, 2, 'Owen Wong', '2021-07-06 20:40:37', 'takeaway'),
(477, 9, 'Rosie Tate', '2021-07-20 15:19:00', 'dine'),
(478, 7, 'Landon Patterson', '2021-07-21 21:20:00', 'dine'),
(479, 10, 'Helen George', '2021-07-25 21:15:58', 'dine'),
(480, 5, 'Lida Fernandez', '2021-07-08 01:52:14', 'takeaway'),
(481, 6, 'Cory Murray', '2021-07-05 11:44:35', 'takeaway'),
(482, 6, 'Landon Schmidt', '2021-07-24 09:11:01', 'takeaway'),
(483, 10, 'Mary Franklin', '2021-07-30 20:15:45', 'takeaway'),
(484, 5, 'Helena Simon', '2021-07-29 11:43:46', 'dine'),
(485, 8, 'Norman Arnold', '2021-07-26 18:11:07', 'dine'),
(486, 3, 'Zachary Carter', '2021-07-16 16:18:48', 'takeaway'),
(487, 5, 'Lester West', '2021-07-08 18:23:57', 'dine'),
(488, 1, 'Eugenia Moreno', '2021-07-09 08:00:00', 'takeaway'),
(489, 7, 'Edgar Sharp', '2021-07-31 14:50:59', 'takeaway'),
(490, 6, 'Maud Santiago', '2021-07-19 05:56:02', 'dine'),
(491, 6, 'Wayne Moody', '2021-07-20 05:41:29', 'dine'),
(492, 2, 'Franklin Gutierrez', '2021-07-22 03:24:56', 'dine'),
(493, 9, 'Bobby Dawson', '2021-07-17 10:07:08', 'dine'),
(494, 5, 'Austin Alvarado', '2021-07-22 06:37:02', 'dine'),
(495, 2, 'Lloyd Douglas', '2021-07-28 20:09:13', 'dine'),
(496, 10, 'Elsie Curtis', '2021-07-18 19:32:23', 'takeaway'),
(497, 3, 'Delia Logan', '2021-07-27 04:21:37', 'takeaway'),
(498, 5, 'Lucinda Simpson', '2021-07-15 18:43:14', 'takeaway'),
(499, 10, 'Susan Johnson', '2021-07-02 16:32:46', 'takeaway'),
(500, 7, 'Lura Lawson', '2021-07-20 12:06:57', 'dine'),
(501, 3, 'Ivan Knight', '2021-07-01 02:10:29', 'takeaway'),
(502, 5, 'Ida Armstrong', '2021-07-05 09:50:17', 'dine'),
(503, 10, 'Jeanette Wong', '2021-07-24 14:42:40', 'takeaway'),
(504, 1, 'Hallie Butler', '2021-07-22 12:47:41', 'dine'),
(505, 8, 'Jack Wise', '2021-07-27 11:54:05', 'takeaway'),
(506, 3, 'Ernest Glover', '2021-07-04 16:18:07', 'takeaway'),
(507, 3, 'Betty Ross', '2021-08-12 17:33:59', 'dine'),
(508, 2, 'Corey Tran', '2021-08-29 00:56:40', 'dine'),
(509, 2, 'Cory McKenzie', '2021-08-07 07:11:56', 'takeaway'),
(510, 9, 'Jared Brooks', '2021-08-27 09:50:32', 'dine'),
(511, 6, 'Evelyn Malone', '2021-08-10 22:42:05', 'dine'),
(512, 2, 'Adeline Summers', '2021-08-21 07:39:33', 'dine'),
(513, 5, 'Kyle Hale', '2021-08-11 21:26:25', 'takeaway'),
(514, 6, 'Evan Clayton', '2021-08-11 02:20:11', 'dine'),
(515, 6, 'Antonio Vargas', '2021-08-16 09:36:42', 'dine'),
(516, 3, 'Charlie Cohen', '2021-08-07 22:43:26', 'takeaway'),
(517, 5, 'Vernon Hale', '2021-08-06 18:43:05', 'dine'),
(518, 2, 'Myra Simon', '2021-08-13 03:06:01', 'dine'),
(519, 1, 'Luke McGuire', '2021-08-19 16:36:26', 'dine'),
(520, 1, 'Erik Little', '2021-08-31 21:03:57', 'dine'),
(521, 2, 'Nellie Gregory', '2021-08-26 07:02:32', 'dine'),
(522, 1, 'Elsie Shelton', '2021-08-06 07:10:55', 'dine'),
(523, 5, 'Jackson Fisher', '2021-08-01 19:49:57', 'dine'),
(524, 10, 'Inez Austin', '2021-08-04 02:59:31', 'dine'),
(525, 6, 'Katharine Frazier', '2021-08-14 08:18:25', 'takeaway'),
(526, 2, 'Gordon Roberts', '2021-08-18 05:54:45', 'dine'),
(527, 7, 'Isaac Garza', '2021-08-29 22:47:02', 'takeaway'),
(528, 3, 'Aaron Cobb', '2021-08-28 17:47:47', 'dine'),
(529, 2, 'Bradley Wilkerson', '2021-09-23 12:29:36', 'takeaway'),
(530, 5, 'Samuel Erickson', '2021-09-09 10:05:33', 'takeaway'),
(531, 5, 'Mabel Edwards', '2021-09-30 21:17:17', 'takeaway'),
(532, 10, 'Evelyn Sparks', '2021-09-03 08:56:34', 'dine'),
(533, 6, 'Ernest Hicks', '2021-09-17 11:25:24', 'dine'),
(534, 2, 'Birdie Williamson', '2021-09-27 04:59:40', 'dine'),
(535, 4, 'Ethan McKenzie', '2021-09-30 00:11:25', 'dine'),
(536, 6, 'Harriett Klein', '2021-09-07 03:54:49', 'dine'),
(537, 9, 'Elmer Payne', '2021-09-04 02:50:10', 'dine'),
(538, 6, 'Jorge Banks', '2021-09-29 05:41:05', 'dine'),
(539, 3, 'Nicholas Boyd', '2021-09-16 01:12:42', 'dine'),
(540, 1, 'Georgie Robbins', '2021-09-24 18:41:34', 'takeaway'),
(541, 3, 'Jessie Collier', '2021-09-30 00:17:05', 'takeaway'),
(542, 5, 'Tyler Wolfe', '2021-09-30 19:35:40', 'takeaway'),
(543, 4, 'Steve Young', '2021-09-02 14:25:56', 'dine'),
(544, 1, 'Jesse Bass', '2021-09-05 10:37:45', 'takeaway'),
(545, 1, 'Lida Gutierrez', '2021-09-14 09:11:31', 'takeaway'),
(546, 7, 'Bernard Hughes', '2021-09-02 23:37:13', 'dine'),
(547, 9, 'Edna Leonard', '2021-09-07 07:55:19', 'dine'),
(548, 7, 'Sophie Dunn', '2021-09-25 03:42:42', 'dine'),
(549, 8, 'Dominic Hopkins', '2021-09-03 13:41:13', 'takeaway'),
(550, 3, 'Samuel Ryan', '2021-09-05 03:00:35', 'takeaway'),
(551, 6, 'Mary Sutton', '2021-09-03 09:26:41', 'takeaway'),
(552, 9, 'Hilda Haynes', '2021-09-20 04:44:10', 'takeaway'),
(553, 3, 'Mable Jones', '2021-09-05 00:06:49', 'dine'),
(554, 3, 'Shawn Hogan', '2021-09-03 02:02:12', 'takeaway'),
(555, 5, 'Glenn Sutton', '2021-09-01 13:59:14', 'takeaway'),
(556, 10, 'Ricky Barnes', '2021-09-28 05:39:36', 'dine'),
(557, 2, 'Edna Nelson', '2021-09-12 00:02:14', 'takeaway'),
(558, 7, 'Jay Ballard', '2021-09-12 19:59:13', 'takeaway'),
(559, 2, 'Alice Marsh', '2021-09-22 12:54:47', 'takeaway'),
(560, 8, 'Lula Collins', '2021-09-05 14:40:06', 'dine'),
(561, 1, 'Tommy Hubbard', '2021-09-11 13:31:46', 'dine'),
(562, 5, 'Jordan Lawson', '2021-09-06 09:32:56', 'dine'),
(563, 2, 'Ricardo Mitchell', '2021-09-10 08:56:58', 'dine'),
(564, 2, 'Todd Sparks', '2021-09-23 03:50:52', 'takeaway'),
(565, 1, 'Brett Moore', '2021-09-16 02:14:24', 'dine'),
(566, 6, 'Randy Harrington', '2021-09-20 17:48:08', 'dine'),
(567, 5, 'Leona Weber', '2021-10-07 16:47:20', 'takeaway'),
(568, 6, 'Verna Watkins', '2021-10-15 14:10:37', 'dine'),
(569, 5, 'Tommy Gibson', '2021-10-09 11:40:08', 'takeaway'),
(570, 4, 'Dollie Holmes', '2021-10-01 09:27:34', 'dine'),
(571, 10, 'Lizzie Hall', '2021-10-10 06:30:06', 'dine'),
(572, 9, 'Harriett Perry', '2021-10-06 06:32:12', 'takeaway'),
(573, 3, 'Jacob Fields', '2021-10-21 10:52:55', 'dine'),
(574, 9, 'Norman Pearson', '2021-10-04 03:06:00', 'takeaway'),
(575, 9, 'Cody Harrison', '2021-10-21 03:26:50', 'dine'),
(576, 10, 'Darrell Guzman', '2021-10-19 13:21:44', 'takeaway'),
(577, 6, 'Logan Cobb', '2021-10-29 19:00:11', 'dine'),
(578, 8, 'Jessie Bowman', '2021-10-19 18:04:02', 'takeaway'),
(579, 1, 'Alexander Goodman', '2021-10-26 13:27:28', 'takeaway'),
(580, 8, 'Lelia Gonzalez', '2021-10-10 19:24:25', 'dine'),
(581, 6, 'Loretta Gordon', '2021-10-11 06:10:04', 'dine'),
(582, 10, 'Norman Massey', '2021-10-12 00:42:08', 'takeaway'),
(583, 7, 'Vernon Lynch', '2021-10-16 02:54:58', 'dine'),
(584, 6, 'Gregory Townsend', '2021-10-26 15:43:33', 'dine'),
(585, 6, 'Caleb Jordan', '2021-10-23 14:47:16', 'dine'),
(586, 2, 'Isaac Henderson', '2021-10-04 19:13:02', 'takeaway'),
(587, 7, 'Gussie Alexander', '2021-10-20 13:12:01', 'dine'),
(588, 2, 'Martha Richardson', '2021-10-28 04:12:52', 'dine'),
(589, 5, 'Abbie Morales', '2021-10-19 11:18:32', 'dine'),
(590, 10, 'Emilie Phelps', '2021-10-02 13:26:01', 'dine'),
(591, 8, 'Clayton Logan', '2021-10-07 16:38:46', 'takeaway'),
(592, 8, 'Irene Sanchez', '2021-10-25 23:51:09', 'dine'),
(593, 4, 'Olga Edwards', '2021-10-30 20:13:44', 'takeaway'),
(594, 4, 'Kathryn Lloyd', '2021-10-26 04:01:25', 'takeaway'),
(595, 9, 'Lucy Rice', '2021-10-28 20:58:54', 'takeaway'),
(596, 7, 'Harry Romero', '2021-10-25 14:47:07', 'dine'),
(597, 1, 'Francisco Allison', '2021-10-27 10:39:15', 'dine'),
(598, 4, 'Jean Padilla', '2021-10-23 16:55:48', 'dine'),
(599, 5, 'Emily Robertson', '2021-10-06 15:38:17', 'dine'),
(600, 8, 'Phillip Fisher', '2021-10-26 02:06:30', 'takeaway'),
(601, 3, 'Thomas Washington', '2021-10-30 14:38:14', 'takeaway'),
(602, 1, 'Sophie Santos', '2021-10-23 11:53:28', 'takeaway'),
(603, 9, 'Ethan Reyes', '2021-10-06 22:42:56', 'takeaway'),
(604, 9, 'Samuel Webster', '2021-10-20 16:32:17', 'takeaway'),
(605, 4, 'Tom Shelton', '2021-10-22 00:40:54', 'dine'),
(606, 5, 'Julian Willis', '2021-10-27 19:39:04', 'dine'),
(607, 2, 'Brett Cook', '2021-11-04 01:02:21', 'dine'),
(608, 5, 'Hunter Coleman', '2021-11-08 06:08:07', 'dine'),
(609, 6, 'Mathilda Lawson', '2021-11-09 19:13:54', 'dine'),
(610, 4, 'Pauline Williamson', '2021-11-28 23:04:37', 'takeaway'),
(611, 4, 'Ada Franklin', '2021-11-14 03:44:03', 'dine'),
(612, 9, 'Darrell Ballard', '2021-11-17 10:48:31', 'takeaway'),
(613, 5, 'Belle Farmer', '2021-11-27 08:14:42', 'takeaway'),
(614, 7, 'Bill Nelson', '2021-11-28 15:02:00', 'dine'),
(615, 6, 'Ruby Hopkins', '2021-11-07 12:16:20', 'dine'),
(616, 5, 'Rena Goodwin', '2021-11-12 20:51:59', 'dine'),
(617, 7, 'Caroline Reynolds', '2021-11-01 21:46:44', 'takeaway'),
(618, 3, 'Rodney Underwood', '2021-11-14 03:48:13', 'dine'),
(619, 6, 'Grace Hart', '2021-11-17 15:00:52', 'takeaway'),
(620, 5, 'Daniel Brady', '2021-11-06 21:26:22', 'dine'),
(621, 10, 'Norman Dixon', '2021-11-13 10:34:46', 'takeaway'),
(622, 1, 'Eric Delgado', '2021-11-07 22:33:04', 'takeaway'),
(623, 2, 'Jorge Johnston', '2021-11-05 19:57:35', 'dine'),
(624, 4, 'Laura Conner', '2021-11-23 17:36:14', 'takeaway'),
(625, 1, 'Lizzie Ward', '2021-11-06 15:20:13', 'dine'),
(626, 7, 'Ryan Austin', '2021-11-03 18:06:27', 'takeaway'),
(627, 10, 'Lillie Walton', '2021-11-17 02:40:19', 'takeaway'),
(628, 5, 'Curtis Phelps', '2021-12-06 06:08:20', 'dine'),
(629, 9, 'Belle Hudson', '2021-12-20 03:10:38', 'takeaway'),
(630, 2, 'Jane Fitzgerald', '2021-12-11 06:35:32', 'dine'),
(631, 1, 'Adam Burgess', '2021-12-10 05:06:38', 'dine'),
(632, 5, 'Ora Ross', '2021-12-15 23:02:22', 'dine'),
(633, 5, 'Lenora Wells', '2021-12-01 18:19:57', 'takeaway'),
(634, 7, 'Dora Moss', '2021-12-17 11:09:54', 'dine'),
(635, 8, 'Verna Howell', '2021-12-08 00:14:51', 'dine'),
(636, 1, 'Julia Rodriquez', '2021-12-12 09:58:42', 'dine'),
(637, 1, 'Myrtie Sutton', '2021-12-08 16:10:42', 'takeaway'),
(638, 9, 'Irene Knight', '2021-12-02 20:25:38', 'dine'),
(639, 4, 'Dennis Santos', '2021-12-16 05:59:55', 'dine'),
(640, 1, 'Lina Newman', '2021-12-12 02:56:03', 'dine'),
(641, 4, 'Erik Glover', '2021-12-14 02:27:16', 'takeaway'),
(642, 5, 'Jeffrey Harrington', '2021-12-24 21:58:21', 'dine'),
(643, 5, 'Ernest Garrett', '2021-12-17 19:21:23', 'takeaway'),
(644, 2, 'Ruth Barrett', '2021-12-16 15:36:39', 'takeaway'),
(645, 9, 'Alejandro Lamb', '2021-12-06 23:58:51', 'dine'),
(646, 1, 'Seth Rowe', '2021-12-14 01:44:06', 'dine'),
(647, 5, 'Ronnie Greene', '2021-12-28 02:52:53', 'takeaway'),
(648, 4, 'Jonathan Kennedy', '2021-12-30 14:22:54', 'takeaway'),
(649, 6, 'Willie Patterson', '2021-12-17 09:39:21', 'dine'),
(650, 2, 'Derek Mack', '2021-12-08 08:00:01', 'dine'),
(651, 9, 'Jesse Atkins', '2021-12-21 23:27:50', 'dine'),
(652, 5, 'Jennie McCormick', '2021-12-15 09:47:12', 'dine'),
(653, 1, 'Brett Hall', '2021-12-07 17:01:13', 'dine'),
(654, 6, 'Ella Jacobs', '2021-12-31 11:10:01', 'dine'),
(655, 10, 'Dean Ortiz', '2021-12-16 21:34:42', 'dine'),
(656, 9, 'Bertha Sullivan', '2021-12-31 09:44:26', 'takeaway'),
(657, 1, 'Susan Dunn', '2021-12-07 14:13:16', 'takeaway'),
(658, 10, 'Adele Stanley', '2021-12-13 00:39:31', 'dine'),
(659, 10, 'Tyler Cooper', '2021-12-18 06:29:37', 'takeaway'),
(660, 10, 'Dora Morales', '2021-12-14 14:31:32', 'dine'),
(661, 6, 'Rebecca Terry', '2021-12-26 08:22:12', 'dine'),
(662, 5, 'Leah Edwards', '2021-12-15 12:18:27', 'dine'),
(663, 6, 'Elva Gonzalez', '2021-12-24 13:59:00', 'takeaway'),
(664, 3, 'Christian Tran', '2021-12-07 17:05:33', 'takeaway'),
(665, 9, 'Connor Shelton', '2021-12-27 10:50:01', 'takeaway'),
(666, 1, 'Cody Singleton', '2021-12-09 10:33:04', 'takeaway'),
(667, 9, 'Susan West', '2021-12-16 06:26:50', 'takeaway'),
(668, 2, 'Richard Atkins', '2021-12-03 10:31:29', 'takeaway'),
(669, 10, 'Lois Brock', '2021-12-08 22:30:04', 'dine'),
(670, 8, 'Erik Potter', '2021-12-11 18:01:00', 'dine'),
(671, 4, 'Katharine Soto', '2021-12-13 16:39:14', 'takeaway');

-- --------------------------------------------------------

--
-- Table structure for table `outlet`
--

CREATE TABLE `outlet` (
  `outlet_id` double NOT NULL,
  `manager_id` double DEFAULT NULL,
  `address_1` varchar(50) DEFAULT NULL,
  `address_2` varchar(50) DEFAULT NULL,
  `city` varchar(50) DEFAULT NULL,
  `zip_code` varchar(20) DEFAULT NULL,
  `state` varchar(20) DEFAULT NULL
) ENGINE=InnoDB DEFAULT CHARSET=utf8mb4;

--
-- Dumping data for table `outlet`
--

INSERT INTO `outlet` (`outlet_id`, `manager_id`, `address_1`, `address_2`, `city`, `zip_code`, `state`) VALUES
(1, 1, 'SME Bank, Jln Sultan Ismail', 'Chow Kit', 'Kuala Lumpur', '50250', 'Kuala Lumpur'),
(2, 2, 'Menara Sultan Abdul Aziz Shah, Universiti Teknolog', 'Shah Alam', 'Setapak', '40450', 'Selangor'),
(3, 3, 'jalan permatang pauh Permatang Pauh', '', 'Bukit Mertajam', '13500', 'Penang'),
(4, 4, 'University of Malaya', 'Lingkungan Budi', 'Kuala Lumpur', '50603', 'WP Kuala Lumpur'),
(5, 1, 'Kolej Kediaman Raja Dr.Nazrin Shah', 'Lingkaran Wawasan', 'Kuala Lumpur', '50603', 'WP Kuala Lumpur'),
(6, 2, 'Persiaran Tulang Daing Seri Kembangan', '', 'Serdang', '43400', 'Selangor'),
(7, 3, 'Kafe Siswa Bangunan G-26', 'Universiti Sains Malaysia', 'Penang', '11800', 'Pulau Pinang'),
(8, 4, 'Universiti Islam Antarabangsa', 'Jalan Hikmah UIA Gambang', 'Kuantan', '25300', 'Pahang'),
(9, 1, 'KPJ Tawakkal KL Specialist Hospital', '1, Jalan Pahang Barat, Pekeliling', 'Kuala Lumpur', '53000', 'WP Kuala Lumpur'),
(10, 2, 'UTP Seri Iskandar', '4, Jln USM Lama', 'Bota', '31750', 'Perak');

-- --------------------------------------------------------

--
-- Table structure for table `payment`
--

CREATE TABLE `payment` (
  `payment_id` double NOT NULL,
  `order_id` double DEFAULT NULL,
  `employee_id` double DEFAULT NULL,
  `payment_amount` decimal(8,2) NOT NULL DEFAULT 0.00,
  `payment_date` datetime DEFAULT current_timestamp(),
  `payment_method` varchar(20) NOT NULL DEFAULT 'cash',
  `status` varchar(20) DEFAULT 'paid'
) ENGINE=InnoDB DEFAULT CHARSET=utf8mb4;

--
-- Dumping data for table `payment`
--

INSERT INTO `payment` (`payment_id`, `order_id`, `employee_id`, `payment_amount`, `payment_date`, `payment_method`, `status`) VALUES
(1, 1, 8, '22.50', '2020-01-15 14:46:50', 'card', 'paid'),
(2, 2, 9, '88.00', '2020-01-06 12:50:39', 'cash', 'paid'),
(3, 3, 8, '66.50', '2020-01-24 19:05:36', 'card', 'paid'),
(4, 4, 10, '80.00', '2020-01-07 22:18:41', 'cash', 'paid'),
(5, 5, 9, '76.00', '2020-01-13 16:13:44', 'card', 'paid'),
(6, 6, 7, '46.00', '2020-01-08 13:53:16', 'cash', 'paid'),
(7, 7, 3, '21.00', '2020-01-08 01:20:52', 'cash', 'paid'),
(8, 8, 5, '51.00', '2020-01-25 10:10:27', 'card', 'paid'),
(9, 9, 10, '30.00', '2020-01-16 09:19:10', 'card', 'paid'),
(10, 10, 7, '46.00', '2020-01-13 08:02:37', 'card', 'paid'),
(11, 11, 1, '42.00', '2020-01-11 13:53:53', 'card', 'paid'),
(12, 12, 10, '29.00', '2020-01-30 17:57:47', 'cash', 'paid'),
(13, 13, 2, '92.50', '2020-01-19 13:48:27', 'cash', 'paid'),
(14, 14, 1, '57.00', '2020-01-27 17:11:26', 'card', 'paid'),
(15, 15, 3, '39.00', '2020-01-21 14:36:49', 'card', 'paid'),
(16, 16, 10, '40.00', '2020-01-10 19:17:09', 'card', 'paid'),
(17, 17, 7, '16.00', '2020-01-20 07:06:37', 'cash', 'paid'),
(18, 18, 7, '22.00', '2020-01-05 23:41:40', 'ewallet', 'paid'),
(19, 19, 5, '25.00', '2020-01-26 22:31:22', 'cash', 'paid'),
(20, 20, 6, '21.50', '2020-01-06 22:05:42', 'ewallet', 'paid'),
(21, 21, 3, '30.50', '2020-01-18 15:28:15', 'ewallet', 'paid'),
(22, 22, 6, '18.50', '2020-01-13 04:19:44', 'cash', 'paid'),
(23, 23, 10, '44.00', '2020-01-18 14:18:20', 'card', 'paid'),
(24, 24, 7, '64.00', '2020-01-22 06:06:20', 'card', 'paid'),
(25, 25, 4, '61.50', '2020-01-20 06:19:47', 'cash', 'paid'),
(26, 26, 1, '34.00', '2020-01-01 03:53:55', 'cash', 'paid'),
(27, 27, 2, '36.00', '2020-01-27 10:57:31', 'ewallet', 'paid'),
(28, 28, 4, '16.00', '2020-01-16 04:52:58', 'ewallet', 'paid'),
(29, 29, 7, '37.00', '2020-01-03 12:58:03', 'cash', 'paid'),
(30, 30, 1, '67.00', '2020-01-03 02:26:43', 'ewallet', 'paid'),
(31, 31, 9, '47.00', '2020-02-15 13:31:17', 'card', 'paid'),
(32, 32, 3, '30.00', '2020-02-04 12:33:19', 'cash', 'paid'),
(33, 33, 6, '30.00', '2020-02-08 00:36:26', 'card', 'paid'),
(34, 34, 9, '40.00', '2020-02-13 04:49:24', 'card', 'paid'),
(35, 35, 10, '42.50', '2020-02-25 02:47:31', 'card', 'paid'),
(36, 36, 1, '28.00', '2020-02-25 15:29:50', 'cash', 'paid'),
(37, 37, 4, '69.50', '2020-02-09 10:06:13', 'cash', 'paid'),
(38, 38, 2, '35.00', '2020-02-07 10:03:45', 'card', 'paid'),
(39, 39, 2, '55.00', '2020-02-14 19:39:32', 'ewallet', 'paid'),
(40, 40, 7, '40.50', '2020-02-07 08:53:50', 'cash', 'paid'),
(41, 41, 1, '35.50', '2020-02-18 12:03:23', 'ewallet', 'paid'),
(42, 42, 5, '15.00', '2020-02-01 07:25:45', 'cash', 'paid'),
(43, 43, 5, '37.50', '2020-02-18 09:01:45', 'card', 'paid'),
(44, 44, 3, '96.00', '2020-02-23 09:53:09', 'ewallet', 'paid'),
(45, 45, 1, '23.00', '2020-02-28 03:00:28', 'card', 'paid'),
(46, 46, 4, '10.00', '2020-02-19 09:45:53', 'ewallet', 'paid'),
(47, 47, 1, '27.00', '2020-02-20 22:41:59', 'card', 'paid'),
(48, 48, 1, '30.00', '2020-02-08 19:39:46', 'cash', 'paid'),
(49, 49, 2, '15.00', '2020-02-21 08:32:24', 'card', 'paid'),
(50, 50, 6, '66.50', '2020-02-03 18:34:27', 'ewallet', 'paid'),
(51, 51, 1, '56.50', '2020-02-05 01:16:51', 'cash', 'paid'),
(52, 52, 8, '25.00', '2020-02-26 14:30:23', 'cash', 'paid'),
(53, 53, 6, '77.00', '2020-02-28 17:30:54', 'ewallet', 'paid'),
(54, 54, 10, '5.00', '2020-02-26 18:21:48', 'ewallet', 'paid'),
(55, 55, 7, '62.50', '2020-02-16 13:03:39', 'cash', 'paid'),
(56, 56, 5, '42.00', '2020-02-06 16:40:10', 'card', 'paid'),
(57, 57, 6, '36.00', '2020-03-02 17:58:11', 'cash', 'paid'),
(58, 58, 9, '62.00', '2020-03-08 05:39:07', 'ewallet', 'paid'),
(59, 59, 3, '46.00', '2020-03-10 21:58:36', 'ewallet', 'paid'),
(60, 60, 5, '68.50', '2020-03-02 06:36:25', 'ewallet', 'paid'),
(61, 61, 5, '34.00', '2020-03-05 11:15:50', 'card', 'paid'),
(62, 62, 9, '8.00', '2020-03-29 17:54:07', 'ewallet', 'paid'),
(63, 63, 5, '22.50', '2020-03-20 16:20:55', 'card', 'paid'),
(64, 64, 2, '51.00', '2020-03-30 07:44:10', 'cash', 'paid'),
(65, 65, 7, '7.50', '2020-03-23 20:00:57', 'cash', 'paid'),
(66, 66, 6, '30.00', '2020-03-02 12:42:55', 'cash', 'paid'),
(67, 67, 1, '7.00', '2020-03-02 07:10:24', 'ewallet', 'paid'),
(68, 68, 3, '16.00', '2020-03-28 05:30:20', 'cash', 'paid'),
(69, 69, 10, '28.00', '2020-03-09 23:19:05', 'ewallet', 'paid'),
(70, 70, 7, '16.00', '2020-03-25 11:27:30', 'cash', 'paid'),
(71, 71, 10, '40.00', '2020-03-19 21:28:29', 'ewallet', 'paid'),
(72, 72, 1, '40.00', '2020-03-24 13:19:07', 'cash', 'paid'),
(73, 73, 9, '40.50', '2020-03-07 09:20:07', 'cash', 'paid'),
(74, 74, 6, '54.50', '2020-03-09 11:40:36', 'card', 'paid'),
(75, 75, 10, '25.00', '2020-03-28 08:19:24', 'cash', 'paid'),
(76, 76, 5, '35.00', '2020-03-20 19:03:50', 'cash', 'paid'),
(77, 77, 5, '45.00', '2020-03-18 03:22:50', 'card', 'paid'),
(78, 78, 3, '81.00', '2020-03-31 08:12:18', 'cash', 'paid'),
(79, 79, 3, '48.00', '2020-03-04 12:21:28', 'card', 'paid'),
(80, 80, 4, '37.00', '2020-03-16 14:31:42', 'cash', 'paid'),
(81, 81, 5, '15.00', '2020-03-06 17:08:10', 'ewallet', 'paid'),
(82, 82, 10, '39.00', '2020-03-07 07:11:15', 'cash', 'paid'),
(83, 83, 8, '70.50', '2020-03-31 23:39:24', 'card', 'paid'),
(84, 84, 6, '36.50', '2020-03-31 14:10:02', 'cash', 'paid'),
(85, 85, 7, '42.00', '2020-03-24 16:23:36', 'ewallet', 'paid'),
(86, 86, 10, '46.00', '2020-03-15 19:17:25', 'cash', 'paid'),
(87, 87, 6, '24.00', '2020-03-26 14:21:31', 'cash', 'paid'),
(88, 88, 6, '57.50', '2020-03-10 18:25:24', 'card', 'paid'),
(89, 89, 8, '69.00', '2020-03-23 08:43:43', 'card', 'paid'),
(90, 90, 1, '21.00', '2020-03-28 09:50:47', 'cash', 'paid'),
(91, 91, 7, '53.00', '2020-03-01 20:33:33', 'cash', 'paid'),
(92, 92, 3, '32.50', '2020-03-11 10:04:24', 'card', 'paid'),
(93, 93, 8, '53.00', '2020-03-03 04:48:04', 'cash', 'paid'),
(94, 94, 8, '72.00', '2020-03-28 07:00:16', 'cash', 'paid'),
(95, 95, 9, '60.00', '2020-03-02 09:55:27', 'ewallet', 'paid'),
(96, 96, 8, '16.50', '2020-03-18 00:06:25', 'cash', 'paid'),
(97, 97, 4, '60.00', '2020-03-29 08:25:55', 'ewallet', 'paid'),
(98, 98, 2, '44.50', '2020-03-01 21:17:08', 'ewallet', 'paid'),
(99, 99, 8, '21.00', '2020-03-29 17:41:16', 'card', 'paid'),
(100, 100, 5, '8.00', '2020-03-17 17:51:43', 'card', 'paid'),
(101, 101, 10, '37.50', '2020-03-07 03:41:27', 'card', 'paid'),
(102, 102, 6, '67.50', '2020-03-11 22:27:19', 'card', 'paid'),
(103, 103, 2, '60.00', '2020-03-22 04:46:32', 'ewallet', 'paid'),
(104, 104, 1, '36.00', '2020-03-28 16:53:11', 'ewallet', 'paid'),
(105, 105, 9, '8.00', '2020-03-24 17:45:22', 'ewallet', 'paid'),
(106, 106, 4, '68.50', '2020-03-25 06:26:01', 'ewallet', 'paid'),
(107, 107, 1, '90.00', '2020-04-20 04:14:13', 'cash', 'paid'),
(108, 108, 2, '64.50', '2020-04-07 08:00:17', 'cash', 'paid'),
(109, 109, 1, '47.00', '2020-04-04 22:21:29', 'ewallet', 'paid'),
(110, 110, 7, '45.50', '2020-04-19 14:55:16', 'card', 'paid'),
(111, 111, 4, '75.50', '2020-04-22 12:06:22', 'card', 'paid'),
(112, 112, 2, '35.00', '2020-04-25 08:38:49', 'cash', 'paid'),
(113, 113, 1, '91.00', '2020-04-04 13:52:50', 'card', 'paid'),
(114, 114, 4, '40.00', '2020-04-21 14:36:35', 'ewallet', 'paid'),
(115, 115, 9, '10.00', '2020-04-22 01:48:34', 'cash', 'paid'),
(116, 116, 7, '44.00', '2020-04-06 17:16:42', 'ewallet', 'paid'),
(117, 117, 3, '34.50', '2020-04-03 19:56:16', 'cash', 'paid'),
(118, 118, 5, '81.50', '2020-04-10 06:42:49', 'ewallet', 'paid'),
(119, 119, 2, '21.00', '2020-04-07 15:50:20', 'card', 'paid'),
(120, 120, 6, '48.00', '2020-04-18 10:31:43', 'card', 'paid'),
(121, 121, 2, '7.00', '2020-04-27 07:54:48', 'ewallet', 'paid'),
(122, 122, 1, '22.50', '2020-04-07 07:02:36', 'ewallet', 'paid'),
(123, 123, 5, '46.00', '2020-04-01 06:36:21', 'cash', 'paid'),
(124, 124, 1, '75.00', '2020-04-24 20:15:53', 'ewallet', 'paid'),
(125, 125, 8, '58.00', '2020-04-06 20:28:37', 'ewallet', 'paid'),
(126, 126, 8, '18.50', '2020-04-06 22:16:46', 'cash', 'paid'),
(127, 127, 10, '47.00', '2020-04-16 00:34:26', 'cash', 'paid'),
(128, 128, 2, '36.00', '2020-04-10 18:54:41', 'cash', 'paid'),
(129, 129, 10, '5.50', '2020-04-26 17:23:39', 'cash', 'paid'),
(130, 130, 4, '38.00', '2020-04-21 19:10:07', 'card', 'paid'),
(131, 131, 6, '16.50', '2020-04-26 00:50:58', 'cash', 'paid'),
(132, 132, 2, '46.00', '2020-04-19 12:16:45', 'card', 'paid'),
(133, 133, 7, '15.00', '2020-04-27 23:19:05', 'cash', 'paid'),
(134, 134, 8, '60.00', '2020-04-18 11:59:15', 'ewallet', 'paid'),
(135, 135, 2, '54.50', '2020-04-04 10:42:38', 'ewallet', 'paid'),
(136, 136, 6, '27.50', '2020-04-25 23:44:26', 'card', 'paid'),
(137, 137, 6, '72.50', '2020-04-21 12:32:04', 'card', 'paid'),
(138, 138, 9, '26.50', '2020-04-15 15:02:10', 'cash', 'paid'),
(139, 139, 8, '49.50', '2020-04-04 14:53:30', 'card', 'paid'),
(140, 140, 7, '49.00', '2020-04-03 00:26:46', 'card', 'paid'),
(141, 141, 4, '37.00', '2020-05-26 00:33:00', 'cash', 'paid'),
(142, 142, 7, '83.00', '2020-05-05 08:37:29', 'ewallet', 'paid'),
(143, 143, 7, '70.00', '2020-05-06 12:51:31', 'card', 'paid'),
(144, 144, 10, '63.50', '2020-05-20 01:19:02', 'cash', 'paid'),
(145, 145, 5, '28.00', '2020-05-31 05:37:06', 'card', 'paid'),
(146, 146, 3, '74.00', '2020-05-11 18:16:11', 'cash', 'paid'),
(147, 147, 4, '48.50', '2020-05-04 17:09:19', 'cash', 'paid'),
(148, 148, 8, '10.00', '2020-05-17 13:20:09', 'card', 'paid'),
(149, 149, 6, '40.50', '2020-05-11 15:19:32', 'ewallet', 'paid'),
(150, 150, 6, '90.00', '2020-05-04 02:55:58', 'cash', 'paid'),
(151, 151, 4, '27.50', '2020-05-07 14:15:51', 'cash', 'paid'),
(152, 152, 10, '5.00', '2020-05-20 02:15:22', 'card', 'paid'),
(153, 153, 1, '42.50', '2020-05-12 20:32:56', 'cash', 'paid'),
(154, 154, 10, '34.50', '2020-05-20 15:18:10', 'card', 'paid'),
(155, 155, 4, '44.50', '2020-05-18 20:52:23', 'cash', 'paid'),
(156, 156, 9, '63.00', '2020-06-14 16:10:38', 'card', 'paid'),
(157, 157, 8, '40.00', '2020-06-16 18:52:50', 'card', 'paid'),
(158, 158, 2, '45.50', '2020-06-12 23:24:21', 'card', 'paid'),
(159, 159, 7, '67.50', '2020-06-23 09:38:30', 'cash', 'paid'),
(160, 160, 8, '65.00', '2020-06-24 02:03:09', 'card', 'paid'),
(161, 161, 2, '56.00', '2020-06-17 11:01:23', 'ewallet', 'paid'),
(162, 162, 1, '85.00', '2020-06-22 09:53:43', 'ewallet', 'paid'),
(163, 163, 7, '40.00', '2020-06-19 01:12:05', 'ewallet', 'paid'),
(164, 164, 3, '52.50', '2020-06-22 21:48:25', 'card', 'paid'),
(165, 165, 8, '15.00', '2020-06-12 13:16:37', 'cash', 'paid'),
(166, 166, 5, '39.00', '2020-06-06 18:31:43', 'cash', 'paid'),
(167, 167, 10, '44.50', '2020-06-27 02:45:26', 'cash', 'paid'),
(168, 168, 5, '85.00', '2020-06-27 07:18:37', 'cash', 'paid'),
(169, 169, 6, '60.00', '2020-06-04 11:53:10', 'cash', 'paid'),
(170, 170, 4, '68.00', '2020-06-25 12:39:37', 'cash', 'paid'),
(171, 171, 6, '47.00', '2020-06-04 04:00:53', 'card', 'paid'),
(172, 172, 9, '100.50', '2020-06-20 16:01:07', 'card', 'paid'),
(173, 173, 10, '60.00', '2020-06-17 03:21:00', 'ewallet', 'paid'),
(174, 174, 10, '44.50', '2020-06-04 12:27:32', 'cash', 'paid'),
(175, 175, 4, '48.00', '2020-06-01 07:40:31', 'ewallet', 'paid'),
(176, 176, 1, '55.50', '2020-06-30 23:50:53', 'card', 'paid'),
(177, 177, 7, '80.00', '2020-06-27 13:29:33', 'cash', 'paid'),
(178, 178, 9, '40.50', '2020-06-29 02:13:18', 'cash', 'paid'),
(179, 179, 4, '42.00', '2020-06-10 03:09:15', 'cash', 'paid'),
(180, 180, 6, '64.00', '2020-06-26 11:46:03', 'cash', 'paid'),
(181, 181, 8, '18.00', '2020-06-29 02:56:13', 'card', 'paid'),
(182, 182, 6, '34.00', '2020-06-17 23:35:03', 'ewallet', 'paid'),
(183, 183, 2, '14.00', '2020-06-07 15:09:11', 'ewallet', 'paid'),
(184, 184, 1, '81.50', '2020-06-22 21:03:41', 'card', 'paid'),
(185, 185, 4, '24.00', '2020-06-09 15:23:01', 'ewallet', 'paid'),
(186, 186, 2, '40.00', '2020-06-23 06:08:33', 'ewallet', 'paid'),
(187, 187, 10, '37.50', '2020-06-11 19:34:48', 'cash', 'paid'),
(188, 188, 10, '36.00', '2020-06-19 02:54:44', 'cash', 'paid'),
(189, 189, 2, '59.50', '2020-06-10 05:12:51', 'cash', 'paid'),
(190, 190, 2, '65.50', '2020-06-24 15:52:31', 'card', 'paid'),
(191, 191, 5, '40.00', '2020-07-29 10:37:17', 'card', 'paid'),
(192, 192, 5, '15.50', '2020-07-05 17:46:52', 'cash', 'paid'),
(193, 193, 8, '40.00', '2020-07-17 11:07:19', 'cash', 'paid'),
(194, 194, 8, '56.00', '2020-07-22 08:33:06', 'card', 'paid'),
(195, 195, 2, '72.50', '2020-07-22 21:38:22', 'cash', 'paid'),
(196, 196, 9, '36.00', '2020-07-24 10:23:06', 'card', 'paid'),
(197, 197, 4, '24.00', '2020-07-13 05:54:51', 'ewallet', 'paid'),
(198, 198, 6, '44.50', '2020-07-04 17:04:31', 'cash', 'paid'),
(199, 199, 1, '30.00', '2020-07-11 17:44:50', 'card', 'paid'),
(200, 200, 1, '62.50', '2020-07-06 21:33:22', 'ewallet', 'paid'),
(201, 201, 5, '56.50', '2020-07-10 19:38:45', 'cash', 'paid'),
(202, 202, 10, '65.00', '2020-07-11 09:05:42', 'ewallet', 'paid'),
(203, 203, 10, '63.50', '2020-07-01 05:26:47', 'cash', 'paid'),
(204, 204, 4, '22.00', '2020-07-16 23:50:41', 'card', 'paid'),
(205, 205, 7, '69.50', '2020-07-20 14:34:20', 'cash', 'paid'),
(206, 206, 9, '51.50', '2020-07-23 19:49:22', 'card', 'paid'),
(207, 207, 7, '45.00', '2020-08-22 03:47:30', 'cash', 'paid'),
(208, 208, 10, '89.00', '2020-08-14 03:45:25', 'cash', 'paid'),
(209, 209, 7, '77.50', '2020-08-16 07:54:57', 'card', 'paid'),
(210, 210, 6, '50.00', '2020-08-14 03:31:55', 'card', 'paid'),
(211, 211, 5, '30.00', '2020-08-01 07:44:00', 'cash', 'paid'),
(212, 212, 1, '76.00', '2020-08-12 19:52:25', 'cash', 'paid'),
(213, 213, 6, '45.00', '2020-08-23 14:51:03', 'ewallet', 'paid'),
(214, 214, 3, '28.00', '2020-08-18 20:31:03', 'ewallet', 'paid'),
(215, 215, 4, '25.50', '2020-08-23 05:52:24', 'cash', 'paid'),
(216, 216, 7, '39.00', '2020-08-25 07:06:51', 'cash', 'paid'),
(217, 217, 2, '30.00', '2020-08-05 13:34:58', 'card', 'paid'),
(218, 218, 6, '54.00', '2020-08-18 06:26:59', 'ewallet', 'paid'),
(219, 219, 6, '60.00', '2020-08-28 13:04:43', 'cash', 'paid'),
(220, 220, 7, '26.00', '2020-08-15 02:42:17', 'card', 'paid'),
(221, 221, 2, '28.00', '2020-08-07 03:17:47', 'card', 'paid'),
(222, 222, 3, '67.50', '2020-08-10 23:59:53', 'ewallet', 'paid'),
(223, 223, 5, '5.50', '2020-08-28 03:00:04', 'cash', 'paid'),
(224, 224, 9, '5.00', '2020-08-16 12:58:21', 'card', 'paid'),
(225, 225, 3, '64.00', '2020-08-16 21:13:08', 'ewallet', 'paid'),
(226, 226, 3, '44.00', '2020-08-14 03:13:34', 'ewallet', 'paid'),
(227, 227, 5, '27.00', '2020-08-28 05:05:35', 'card', 'paid'),
(228, 228, 10, '23.00', '2020-08-24 05:20:01', 'card', 'paid'),
(229, 229, 6, '23.00', '2020-08-14 19:49:20', 'card', 'paid'),
(230, 230, 1, '25.00', '2020-09-25 06:32:49', 'cash', 'paid'),
(231, 231, 1, '52.50', '2020-09-16 11:31:17', 'cash', 'paid'),
(232, 232, 2, '37.50', '2020-09-15 12:01:33', 'cash', 'paid'),
(233, 233, 2, '18.50', '2020-09-26 18:30:11', 'ewallet', 'paid'),
(234, 234, 9, '28.00', '2020-09-13 15:06:13', 'card', 'paid'),
(235, 235, 3, '46.00', '2020-09-24 08:13:19', 'card', 'paid'),
(236, 236, 7, '56.00', '2020-09-15 15:56:04', 'card', 'paid'),
(237, 237, 9, '28.00', '2020-09-22 11:30:16', 'card', 'paid'),
(238, 238, 2, '22.00', '2020-09-26 05:01:31', 'ewallet', 'paid'),
(239, 239, 5, '35.00', '2020-09-04 02:22:25', 'cash', 'paid'),
(240, 240, 9, '37.50', '2020-09-23 18:54:33', 'ewallet', 'paid'),
(241, 241, 7, '15.00', '2020-09-26 18:10:19', 'ewallet', 'paid'),
(242, 242, 3, '32.00', '2020-09-09 19:17:28', 'ewallet', 'paid'),
(243, 243, 5, '45.00', '2020-09-19 05:13:01', 'ewallet', 'paid'),
(244, 244, 7, '15.00', '2020-09-02 00:42:14', 'ewallet', 'paid'),
(245, 245, 2, '16.00', '2020-09-03 16:43:30', 'ewallet', 'paid'),
(246, 246, 1, '42.50', '2020-09-27 02:52:22', 'cash', 'paid'),
(247, 247, 3, '41.00', '2020-09-15 21:35:10', 'cash', 'paid'),
(248, 248, 7, '81.00', '2020-09-13 10:05:52', 'ewallet', 'paid'),
(249, 249, 9, '37.00', '2020-09-02 16:30:37', 'card', 'paid'),
(250, 250, 8, '40.00', '2020-09-17 01:46:38', 'ewallet', 'paid'),
(251, 251, 7, '44.50', '2020-09-03 19:36:50', 'cash', 'paid'),
(252, 252, 3, '104.50', '2020-09-24 21:40:05', 'ewallet', 'paid'),
(253, 253, 6, '10.00', '2020-09-20 21:22:56', 'card', 'paid'),
(254, 254, 8, '30.00', '2020-09-22 01:33:22', 'cash', 'paid'),
(255, 255, 8, '40.00', '2020-09-06 09:14:00', 'ewallet', 'paid'),
(256, 256, 3, '29.50', '2020-09-23 04:39:12', 'ewallet', 'paid'),
(257, 257, 2, '7.50', '2020-09-29 09:08:02', 'cash', 'paid'),
(258, 258, 9, '61.00', '2020-09-21 12:19:15', 'card', 'paid'),
(259, 259, 7, '37.50', '2020-09-19 20:05:45', 'cash', 'paid'),
(260, 260, 1, '55.50', '2020-09-28 17:05:24', 'cash', 'paid'),
(261, 261, 2, '35.00', '2020-09-04 17:26:16', 'ewallet', 'paid'),
(262, 262, 1, '74.00', '2020-09-29 09:09:48', 'card', 'paid'),
(263, 263, 2, '15.00', '2020-10-31 01:17:29', 'ewallet', 'paid'),
(264, 264, 3, '49.00', '2020-10-17 04:30:47', 'ewallet', 'paid'),
(265, 265, 4, '15.00', '2020-10-10 19:14:02', 'card', 'paid'),
(266, 266, 2, '77.50', '2020-10-24 05:42:44', 'cash', 'paid'),
(267, 267, 2, '39.50', '2020-10-02 17:24:59', 'card', 'paid'),
(268, 268, 7, '14.00', '2020-10-03 23:41:21', 'ewallet', 'paid'),
(269, 269, 3, '78.00', '2020-10-01 06:13:05', 'card', 'paid'),
(270, 270, 5, '8.00', '2020-10-28 17:30:49', 'card', 'paid'),
(271, 271, 4, '5.00', '2020-10-19 19:27:37', 'card', 'paid'),
(272, 272, 5, '29.00', '2020-10-18 20:24:43', 'cash', 'paid'),
(273, 273, 7, '77.00', '2020-10-11 07:39:27', 'card', 'paid'),
(274, 274, 7, '58.00', '2020-10-29 19:43:00', 'ewallet', 'paid'),
(275, 275, 1, '56.00', '2020-10-28 07:11:14', 'ewallet', 'paid'),
(276, 276, 2, '37.50', '2020-10-23 15:13:10', 'cash', 'paid'),
(277, 277, 2, '43.50', '2020-10-30 00:28:25', 'cash', 'paid'),
(278, 278, 3, '49.50', '2020-10-08 10:41:17', 'card', 'paid'),
(279, 279, 8, '63.00', '2020-10-03 20:48:21', 'cash', 'paid'),
(280, 280, 6, '42.00', '2020-10-17 14:43:45', 'ewallet', 'paid'),
(281, 281, 5, '84.50', '2020-10-19 13:15:51', 'card', 'paid'),
(282, 282, 5, '51.50', '2020-10-07 09:19:27', 'card', 'paid'),
(283, 283, 3, '22.50', '2020-10-04 17:07:04', 'ewallet', 'paid'),
(284, 284, 4, '24.00', '2020-10-18 03:44:49', 'ewallet', 'paid'),
(285, 285, 6, '29.00', '2020-10-09 11:04:20', 'ewallet', 'paid'),
(286, 286, 5, '62.50', '2020-11-20 00:00:40', 'card', 'paid'),
(287, 287, 8, '16.50', '2020-11-15 14:15:14', 'cash', 'paid'),
(288, 288, 6, '61.00', '2020-11-05 11:22:56', 'card', 'paid'),
(289, 289, 2, '15.00', '2020-11-16 18:56:31', 'cash', 'paid'),
(290, 290, 5, '30.00', '2020-11-18 21:10:55', 'cash', 'paid'),
(291, 291, 3, '26.00', '2020-11-19 01:57:10', 'cash', 'paid'),
(292, 292, 3, '21.50', '2020-11-11 22:38:53', 'card', 'paid'),
(293, 293, 5, '51.00', '2020-11-26 14:22:51', 'card', 'paid'),
(294, 294, 9, '45.00', '2020-11-09 16:52:13', 'card', 'paid'),
(295, 295, 5, '67.00', '2020-11-26 03:17:20', 'ewallet', 'paid'),
(296, 296, 8, '69.00', '2020-11-19 17:34:06', 'card', 'paid'),
(297, 297, 5, '56.00', '2020-11-23 03:46:20', 'card', 'paid'),
(298, 298, 6, '39.00', '2020-11-17 18:38:48', 'cash', 'paid'),
(299, 299, 7, '11.00', '2020-11-22 05:55:09', 'cash', 'paid'),
(300, 300, 8, '15.00', '2020-11-26 22:37:36', 'ewallet', 'paid'),
(301, 301, 10, '53.50', '2020-11-22 11:56:57', 'card', 'paid'),
(302, 302, 7, '43.50', '2020-11-04 14:31:54', 'card', 'paid'),
(303, 303, 8, '16.00', '2020-11-10 03:27:46', 'ewallet', 'paid'),
(304, 304, 6, '17.50', '2020-11-09 04:38:28', 'ewallet', 'paid'),
(305, 305, 4, '38.00', '2020-11-21 00:44:22', 'card', 'paid'),
(306, 306, 9, '59.00', '2020-11-16 01:57:14', 'cash', 'paid'),
(307, 307, 6, '5.00', '2020-11-10 21:18:59', 'ewallet', 'paid'),
(308, 308, 5, '70.00', '2020-11-16 20:34:45', 'cash', 'paid'),
(309, 309, 2, '92.50', '2020-11-10 03:21:25', 'card', 'paid'),
(310, 310, 4, '63.00', '2020-11-01 05:32:20', 'ewallet', 'paid'),
(311, 311, 5, '37.50', '2020-11-09 11:27:38', 'card', 'paid'),
(312, 312, 6, '51.00', '2020-11-03 03:46:38', 'card', 'paid'),
(313, 313, 2, '66.00', '2020-11-09 08:47:29', 'card', 'paid'),
(314, 314, 10, '53.00', '2020-11-11 15:17:40', 'card', 'paid'),
(315, 315, 9, '30.50', '2020-11-12 03:34:30', 'ewallet', 'paid'),
(316, 316, 1, '15.50', '2020-11-17 19:28:49', 'card', 'paid'),
(317, 317, 5, '14.00', '2020-11-23 12:37:34', 'cash', 'paid'),
(318, 318, 2, '38.50', '2020-11-25 09:49:41', 'cash', 'paid'),
(319, 319, 10, '14.00', '2020-11-23 10:04:19', 'cash', 'paid'),
(320, 320, 9, '64.00', '2020-11-17 06:35:56', 'cash', 'paid'),
(321, 321, 4, '64.00', '2020-11-09 13:56:48', 'ewallet', 'paid'),
(322, 322, 2, '65.00', '2020-11-15 00:50:13', 'ewallet', 'paid'),
(323, 323, 10, '51.50', '2020-11-17 04:06:38', 'card', 'paid'),
(324, 324, 9, '57.50', '2020-11-11 16:33:38', 'cash', 'paid'),
(325, 325, 5, '8.00', '2020-11-30 09:40:07', 'cash', 'paid'),
(326, 326, 1, '7.00', '2020-12-06 14:05:44', 'ewallet', 'paid'),
(327, 327, 6, '43.00', '2020-12-28 09:30:46', 'cash', 'paid'),
(328, 328, 1, '62.50', '2020-12-30 22:22:04', 'card', 'paid'),
(329, 329, 7, '35.00', '2020-12-07 03:20:01', 'ewallet', 'paid'),
(330, 330, 2, '21.00', '2020-12-24 12:25:10', 'ewallet', 'paid'),
(331, 331, 10, '42.00', '2020-12-04 07:17:41', 'cash', 'paid'),
(332, 332, 4, '70.50', '2020-12-22 06:51:55', 'ewallet', 'paid'),
(333, 333, 4, '5.50', '2020-12-31 19:45:38', 'ewallet', 'paid'),
(334, 334, 6, '74.00', '2020-12-29 18:56:12', 'ewallet', 'paid'),
(335, 335, 3, '9.00', '2020-12-12 07:45:57', 'ewallet', 'paid'),
(336, 336, 10, '19.50', '2020-12-13 13:11:03', 'card', 'paid'),
(337, 337, 3, '54.50', '2020-12-04 16:23:29', 'cash', 'paid'),
(338, 338, 10, '37.50', '2020-12-26 00:19:07', 'cash', 'paid'),
(339, 339, 1, '51.00', '2020-12-12 17:57:45', 'cash', 'paid'),
(340, 340, 2, '51.50', '2020-12-05 19:42:52', 'card', 'paid'),
(341, 341, 2, '13.00', '2020-12-29 23:01:49', 'ewallet', 'paid'),
(342, 342, 3, '7.00', '2020-12-08 12:33:48', 'cash', 'paid'),
(343, 343, 1, '73.00', '2020-12-18 01:44:11', 'ewallet', 'paid'),
(344, 344, 2, '64.00', '2021-01-09 08:50:58', 'cash', 'paid'),
(345, 345, 8, '67.00', '2021-01-29 14:52:56', 'ewallet', 'paid'),
(346, 346, 5, '28.00', '2021-01-29 14:15:26', 'cash', 'paid'),
(347, 347, 1, '47.50', '2021-01-03 22:50:03', 'ewallet', 'paid'),
(348, 348, 3, '79.00', '2021-01-20 17:31:54', 'card', 'paid'),
(349, 349, 5, '69.00', '2021-01-27 02:42:24', 'cash', 'paid'),
(350, 350, 3, '54.50', '2021-01-10 11:32:46', 'card', 'paid'),
(351, 351, 6, '32.00', '2021-01-02 14:54:57', 'ewallet', 'paid'),
(352, 352, 1, '72.50', '2021-01-31 02:45:24', 'cash', 'paid'),
(353, 353, 8, '70.50', '2021-01-20 02:22:52', 'ewallet', 'paid'),
(354, 354, 9, '23.00', '2021-01-21 23:39:22', 'cash', 'paid'),
(355, 355, 3, '30.00', '2021-01-22 19:42:58', 'card', 'paid'),
(356, 356, 4, '48.50', '2021-01-09 05:35:24', 'cash', 'paid'),
(357, 357, 3, '66.50', '2021-01-14 17:16:56', 'card', 'paid'),
(358, 358, 1, '61.00', '2021-01-22 03:00:40', 'cash', 'paid'),
(359, 359, 6, '69.50', '2021-01-07 18:48:21', 'cash', 'paid'),
(360, 360, 1, '47.50', '2021-01-25 03:12:34', 'ewallet', 'paid'),
(361, 361, 5, '71.00', '2021-01-23 19:18:26', 'ewallet', 'paid'),
(362, 362, 10, '11.00', '2021-02-12 03:20:41', 'ewallet', 'paid'),
(363, 363, 6, '62.50', '2021-02-27 09:03:59', 'ewallet', 'paid'),
(364, 364, 9, '25.50', '2021-02-15 20:18:36', 'cash', 'paid'),
(365, 365, 5, '43.00', '2021-02-27 15:03:51', 'ewallet', 'paid'),
(366, 366, 10, '35.00', '2021-02-15 08:43:26', 'card', 'paid'),
(367, 367, 3, '75.00', '2021-02-15 11:59:54', 'card', 'paid'),
(368, 368, 9, '7.00', '2021-02-21 04:43:58', 'card', 'paid'),
(369, 369, 8, '67.50', '2021-02-23 03:04:15', 'ewallet', 'paid'),
(370, 370, 9, '41.50', '2021-02-09 18:20:23', 'ewallet', 'paid'),
(371, 371, 9, '74.50', '2021-02-19 19:07:33', 'cash', 'paid'),
(372, 372, 1, '37.50', '2021-02-17 00:58:49', 'ewallet', 'paid'),
(373, 373, 8, '44.00', '2021-02-23 13:38:49', 'ewallet', 'paid'),
(374, 374, 7, '51.50', '2021-02-03 04:01:52', 'card', 'paid'),
(375, 375, 5, '37.50', '2021-03-01 19:32:50', 'cash', 'paid'),
(376, 376, 2, '21.00', '2021-03-20 15:04:37', 'card', 'paid'),
(377, 377, 2, '15.00', '2021-03-13 03:22:56', 'cash', 'paid'),
(378, 378, 6, '53.00', '2021-03-19 02:38:07', 'card', 'paid'),
(379, 379, 8, '62.00', '2021-03-03 13:07:30', 'card', 'paid'),
(380, 380, 6, '57.00', '2021-03-06 02:02:09', 'card', 'paid'),
(381, 381, 7, '22.50', '2021-03-19 22:20:17', 'cash', 'paid'),
(382, 382, 10, '52.00', '2021-03-10 10:17:45', 'card', 'paid'),
(383, 383, 8, '57.00', '2021-03-02 15:58:26', 'cash', 'paid'),
(384, 384, 9, '21.50', '2021-03-27 14:10:09', 'card', 'paid'),
(385, 385, 1, '28.00', '2021-03-23 13:26:46', 'card', 'paid'),
(386, 386, 3, '15.00', '2021-03-04 01:41:22', 'ewallet', 'paid'),
(387, 387, 6, '53.00', '2021-03-22 06:03:02', 'cash', 'paid'),
(388, 388, 5, '34.00', '2021-03-12 22:27:00', 'card', 'paid'),
(389, 389, 7, '45.00', '2021-03-29 05:54:14', 'cash', 'paid'),
(390, 390, 8, '22.00', '2021-03-27 17:47:42', 'card', 'paid'),
(391, 391, 4, '7.50', '2021-03-26 08:20:08', 'ewallet', 'paid'),
(392, 392, 2, '52.00', '2021-03-24 02:35:26', 'cash', 'paid'),
(393, 393, 7, '32.00', '2021-03-15 04:46:07', 'ewallet', 'paid'),
(394, 394, 1, '15.00', '2021-03-13 18:30:30', 'cash', 'paid'),
(395, 395, 2, '42.50', '2021-03-31 11:53:01', 'cash', 'paid'),
(396, 396, 1, '22.00', '2021-03-18 12:25:21', 'ewallet', 'paid'),
(397, 397, 9, '64.00', '2021-03-06 19:48:42', 'card', 'paid'),
(398, 398, 1, '63.00', '2021-03-11 11:21:39', 'ewallet', 'paid'),
(399, 399, 2, '22.50', '2021-03-27 17:21:59', 'cash', 'paid'),
(400, 400, 1, '5.00', '2021-03-12 23:01:30', 'card', 'paid'),
(401, 401, 1, '65.50', '2021-03-22 22:04:06', 'ewallet', 'paid'),
(402, 402, 10, '47.50', '2021-03-03 19:16:55', 'card', 'paid'),
(403, 403, 10, '40.00', '2021-03-14 07:00:19', 'ewallet', 'paid'),
(404, 404, 4, '21.00', '2021-03-05 02:40:51', 'cash', 'paid'),
(405, 405, 10, '45.00', '2021-03-10 15:14:22', 'card', 'paid'),
(406, 406, 9, '12.00', '2021-03-03 10:35:24', 'card', 'paid'),
(407, 407, 10, '68.50', '2021-03-07 12:45:12', 'card', 'paid'),
(408, 408, 2, '16.50', '2021-03-23 13:26:01', 'card', 'paid'),
(409, 409, 7, '17.50', '2021-03-27 08:02:54', 'ewallet', 'paid'),
(410, 410, 5, '37.50', '2021-03-04 23:49:26', 'card', 'paid'),
(411, 411, 4, '9.00', '2021-03-26 18:03:51', 'cash', 'paid'),
(412, 412, 4, '27.50', '2021-03-02 00:29:32', 'ewallet', 'paid'),
(413, 413, 6, '19.50', '2021-03-04 13:16:03', 'ewallet', 'paid'),
(414, 414, 1, '79.00', '2021-03-06 01:31:01', 'ewallet', 'paid'),
(415, 415, 2, '63.00', '2021-03-17 01:17:21', 'ewallet', 'paid'),
(416, 416, 2, '69.50', '2021-04-28 16:32:22', 'card', 'paid'),
(417, 417, 4, '14.00', '2021-04-10 06:44:36', 'ewallet', 'paid'),
(418, 418, 5, '36.00', '2021-04-21 09:07:07', 'ewallet', 'paid'),
(419, 419, 3, '22.50', '2021-04-20 19:57:20', 'card', 'paid'),
(420, 420, 8, '7.00', '2021-04-30 02:05:15', 'ewallet', 'paid'),
(421, 421, 3, '58.00', '2021-04-22 01:20:53', 'ewallet', 'paid'),
(422, 422, 8, '52.00', '2021-04-10 15:46:24', 'ewallet', 'paid'),
(423, 423, 2, '77.00', '2021-04-05 12:14:02', 'cash', 'paid'),
(424, 424, 6, '74.50', '2021-04-30 14:42:32', 'ewallet', 'paid'),
(425, 425, 8, '50.50', '2021-04-14 16:50:43', 'card', 'paid'),
(426, 426, 8, '54.00', '2021-04-21 06:47:21', 'ewallet', 'paid'),
(427, 427, 2, '15.00', '2021-04-30 14:01:09', 'card', 'paid'),
(428, 428, 2, '30.00', '2021-04-01 23:08:25', 'card', 'paid'),
(429, 429, 7, '48.00', '2021-04-21 21:10:37', 'card', 'paid'),
(430, 430, 6, '21.50', '2021-04-17 11:23:17', 'cash', 'paid'),
(431, 431, 5, '52.00', '2021-04-16 01:09:36', 'ewallet', 'paid'),
(432, 432, 8, '50.50', '2021-04-16 03:35:53', 'card', 'paid'),
(433, 433, 10, '36.00', '2021-04-29 14:04:05', 'ewallet', 'paid'),
(434, 434, 7, '42.50', '2021-04-06 10:23:22', 'card', 'paid'),
(435, 435, 6, '28.50', '2021-04-26 18:28:30', 'ewallet', 'paid'),
(436, 436, 7, '46.00', '2021-04-28 03:16:08', 'cash', 'paid'),
(437, 437, 2, '15.00', '2021-04-06 00:38:02', 'cash', 'paid'),
(438, 438, 7, '56.00', '2021-04-16 03:29:05', 'card', 'paid'),
(439, 439, 6, '19.00', '2021-04-30 20:42:44', 'ewallet', 'paid'),
(440, 440, 8, '51.50', '2021-04-23 21:29:18', 'ewallet', 'paid'),
(441, 441, 10, '42.50', '2021-04-08 21:48:21', 'card', 'paid'),
(442, 442, 1, '45.00', '2021-04-02 19:59:59', 'cash', 'paid'),
(443, 443, 10, '51.00', '2021-05-27 12:59:55', 'ewallet', 'paid'),
(444, 444, 3, '37.50', '2021-05-21 14:51:02', 'card', 'paid'),
(445, 445, 2, '21.00', '2021-05-13 20:22:08', 'card', 'paid'),
(446, 446, 6, '57.00', '2021-05-19 12:11:06', 'ewallet', 'paid'),
(447, 447, 5, '110.00', '2021-05-19 05:30:44', 'cash', 'paid'),
(448, 448, 10, '8.00', '2021-05-12 16:34:49', 'cash', 'paid'),
(449, 449, 10, '24.00', '2021-05-08 19:41:21', 'card', 'paid'),
(450, 450, 10, '15.00', '2021-05-17 07:03:57', 'ewallet', 'paid'),
(451, 451, 3, '62.00', '2021-05-08 16:17:15', 'card', 'paid'),
(452, 452, 9, '80.50', '2021-05-07 03:08:57', 'ewallet', 'paid'),
(453, 453, 5, '22.00', '2021-05-04 05:06:05', 'ewallet', 'paid'),
(454, 454, 2, '58.00', '2021-05-24 19:37:54', 'cash', 'paid'),
(455, 455, 2, '40.00', '2021-05-30 05:42:45', 'cash', 'paid'),
(456, 456, 6, '98.00', '2021-05-07 00:27:48', 'ewallet', 'paid'),
(457, 457, 9, '79.50', '2021-05-18 17:45:43', 'ewallet', 'paid'),
(458, 458, 7, '67.00', '2021-05-24 11:34:15', 'card', 'paid'),
(459, 459, 6, '30.00', '2021-05-06 08:36:10', 'ewallet', 'paid'),
(460, 460, 4, '7.50', '2021-05-05 08:36:23', 'cash', 'paid'),
(461, 461, 9, '29.50', '2021-05-19 16:04:50', 'card', 'paid'),
(462, 462, 3, '70.00', '2021-06-14 01:55:19', 'ewallet', 'paid'),
(463, 463, 9, '67.00', '2021-06-13 15:11:37', 'card', 'paid'),
(464, 464, 9, '16.00', '2021-06-27 11:12:19', 'card', 'paid'),
(465, 465, 6, '20.00', '2021-06-07 00:57:31', 'card', 'paid'),
(466, 466, 3, '31.00', '2021-06-15 08:16:36', 'cash', 'paid'),
(467, 467, 9, '44.00', '2021-06-29 07:21:29', 'card', 'paid'),
(468, 468, 2, '45.00', '2021-06-09 14:24:30', 'cash', 'paid'),
(469, 469, 5, '53.00', '2021-06-12 00:40:45', 'cash', 'paid'),
(470, 470, 1, '39.50', '2021-06-07 21:31:39', 'cash', 'paid'),
(471, 471, 7, '68.00', '2021-06-25 21:05:59', 'cash', 'paid'),
(472, 472, 10, '90.50', '2021-06-18 02:31:46', 'card', 'paid'),
(473, 473, 2, '57.00', '2021-06-02 09:29:33', 'cash', 'paid'),
(474, 474, 8, '29.50', '2021-06-16 09:55:06', 'cash', 'paid'),
(475, 475, 9, '47.50', '2021-06-09 18:53:55', 'card', 'paid'),
(476, 476, 2, '60.00', '2021-07-06 20:40:37', 'card', 'paid'),
(477, 477, 9, '30.00', '2021-07-20 15:19:00', 'cash', 'paid'),
(478, 478, 7, '44.00', '2021-07-21 21:20:00', 'card', 'paid'),
(479, 479, 10, '46.00', '2021-07-25 21:15:58', 'ewallet', 'paid'),
(480, 480, 5, '36.50', '2021-07-08 01:52:14', 'cash', 'paid'),
(481, 481, 6, '53.50', '2021-07-05 11:44:35', 'cash', 'paid'),
(482, 482, 6, '78.50', '2021-07-24 09:11:01', 'ewallet', 'paid'),
(483, 483, 10, '25.50', '2021-07-30 20:15:45', 'cash', 'paid'),
(484, 484, 5, '54.00', '2021-07-29 11:43:46', 'card', 'paid'),
(485, 485, 8, '32.00', '2021-07-26 18:11:07', 'card', 'paid'),
(486, 486, 3, '52.50', '2021-07-16 16:18:48', 'ewallet', 'paid'),
(487, 487, 5, '33.00', '2021-07-08 18:23:57', 'ewallet', 'paid'),
(488, 488, 1, '21.00', '2021-07-09 08:00:00', 'cash', 'paid'),
(489, 489, 7, '30.00', '2021-07-31 14:50:59', 'card', 'paid'),
(490, 490, 6, '32.00', '2021-07-19 05:56:02', 'ewallet', 'paid'),
(491, 491, 6, '7.50', '2021-07-20 05:41:29', 'card', 'paid'),
(492, 492, 2, '31.00', '2021-07-22 03:24:56', 'card', 'paid'),
(493, 493, 9, '35.00', '2021-07-17 10:07:08', 'card', 'paid'),
(494, 494, 5, '69.50', '2021-07-22 06:37:02', 'cash', 'paid'),
(495, 495, 2, '34.00', '2021-07-28 20:09:13', 'card', 'paid'),
(496, 496, 10, '41.00', '2021-07-18 19:32:23', 'ewallet', 'paid'),
(497, 497, 3, '84.00', '2021-07-27 04:21:37', 'card', 'paid'),
(498, 498, 5, '82.00', '2021-07-15 18:43:14', 'card', 'paid'),
(499, 499, 10, '70.00', '2021-07-02 16:32:46', 'card', 'paid'),
(500, 500, 7, '25.50', '2021-07-20 12:06:57', 'card', 'paid'),
(501, 501, 3, '77.50', '2021-07-01 02:10:29', 'ewallet', 'paid'),
(502, 502, 5, '97.50', '2021-07-05 09:50:17', 'ewallet', 'paid'),
(503, 503, 10, '14.00', '2021-07-24 14:42:40', 'ewallet', 'paid'),
(504, 504, 1, '54.00', '2021-07-22 12:47:41', 'card', 'paid'),
(505, 505, 8, '22.00', '2021-07-27 11:54:05', 'card', 'paid'),
(506, 506, 3, '58.00', '2021-07-04 16:18:07', 'card', 'paid'),
(507, 507, 3, '69.00', '2021-08-12 17:33:59', 'card', 'paid'),
(508, 508, 2, '70.00', '2021-08-29 00:56:40', 'card', 'paid'),
(509, 509, 2, '57.50', '2021-08-07 07:11:56', 'ewallet', 'paid'),
(510, 510, 9, '15.00', '2021-08-27 09:50:32', 'ewallet', 'paid'),
(511, 511, 6, '45.00', '2021-08-10 22:42:05', 'ewallet', 'paid'),
(512, 512, 2, '38.00', '2021-08-21 07:39:33', 'card', 'paid'),
(513, 513, 5, '51.00', '2021-08-11 21:26:25', 'card', 'paid'),
(514, 514, 6, '40.00', '2021-08-11 02:20:11', 'ewallet', 'paid'),
(515, 515, 6, '22.50', '2021-08-16 09:36:42', 'card', 'paid'),
(516, 516, 3, '31.00', '2021-08-07 22:43:26', 'ewallet', 'paid'),
(517, 517, 5, '17.00', '2021-08-06 18:43:05', 'cash', 'paid'),
(518, 518, 2, '7.50', '2021-08-13 03:06:01', 'card', 'paid'),
(519, 519, 1, '9.00', '2021-08-19 16:36:26', 'ewallet', 'paid'),
(520, 520, 1, '50.00', '2021-08-31 21:03:57', 'ewallet', 'paid'),
(521, 521, 2, '53.00', '2021-08-26 07:02:32', 'cash', 'paid'),
(522, 522, 1, '79.50', '2021-08-06 07:10:55', 'ewallet', 'paid'),
(523, 523, 5, '14.00', '2021-08-01 19:49:57', 'card', 'paid'),
(524, 524, 10, '47.50', '2021-08-04 02:59:31', 'ewallet', 'paid'),
(525, 525, 6, '21.00', '2021-08-14 08:18:25', 'ewallet', 'paid'),
(526, 526, 2, '43.50', '2021-08-18 05:54:45', 'card', 'paid'),
(527, 527, 7, '22.00', '2021-08-29 22:47:02', 'cash', 'paid'),
(528, 528, 3, '54.50', '2021-08-28 17:47:47', 'ewallet', 'paid'),
(529, 529, 2, '79.00', '2021-09-23 12:29:36', 'cash', 'paid'),
(530, 530, 5, '15.00', '2021-09-09 10:05:33', 'card', 'paid'),
(531, 531, 5, '40.00', '2021-09-30 21:17:17', 'ewallet', 'paid'),
(532, 532, 10, '77.50', '2021-09-03 08:56:34', 'card', 'paid'),
(533, 533, 6, '53.00', '2021-09-17 11:25:24', 'ewallet', 'paid'),
(534, 534, 2, '37.00', '2021-09-27 04:59:40', 'cash', 'paid'),
(535, 535, 4, '35.00', '2021-09-30 00:11:25', 'card', 'paid'),
(536, 536, 6, '5.50', '2021-09-07 03:54:49', 'cash', 'paid'),
(537, 537, 9, '63.50', '2021-09-04 02:50:10', 'card', 'paid'),
(538, 538, 6, '55.00', '2021-09-29 05:41:05', 'card', 'paid'),
(539, 539, 3, '54.00', '2021-09-16 01:12:42', 'card', 'paid'),
(540, 540, 1, '25.00', '2021-09-24 18:41:34', 'card', 'paid'),
(541, 541, 3, '7.50', '2021-09-30 00:17:05', 'card', 'paid'),
(542, 542, 5, '43.00', '2021-09-30 19:35:40', 'cash', 'paid'),
(543, 543, 4, '73.00', '2021-09-02 14:25:56', 'card', 'paid'),
(544, 544, 1, '35.50', '2021-09-05 10:37:45', 'ewallet', 'paid'),
(545, 545, 1, '61.50', '2021-09-14 09:11:31', 'card', 'paid'),
(546, 546, 7, '50.00', '2021-09-02 23:37:13', 'ewallet', 'paid'),
(547, 547, 9, '16.00', '2021-09-07 07:55:19', 'card', 'paid'),
(548, 548, 7, '35.50', '2021-09-25 03:42:42', 'cash', 'paid'),
(549, 549, 8, '42.50', '2021-09-03 13:41:13', 'cash', 'paid'),
(550, 550, 3, '25.50', '2021-09-05 03:00:35', 'cash', 'paid'),
(551, 551, 6, '28.00', '2021-09-03 09:26:41', 'card', 'paid'),
(552, 552, 9, '27.00', '2021-09-20 04:44:10', 'cash', 'paid'),
(553, 553, 3, '45.00', '2021-09-05 00:06:49', 'ewallet', 'paid'),
(554, 554, 3, '44.50', '2021-09-03 02:02:12', 'cash', 'paid'),
(555, 555, 5, '47.00', '2021-09-01 13:59:14', 'cash', 'paid'),
(556, 556, 10, '70.50', '2021-09-28 05:39:36', 'cash', 'paid'),
(557, 557, 2, '91.00', '2021-09-12 00:02:14', 'ewallet', 'paid'),
(558, 558, 7, '62.50', '2021-09-12 19:59:13', 'cash', 'paid'),
(559, 559, 2, '50.50', '2021-09-22 12:54:47', 'card', 'paid'),
(560, 560, 8, '50.50', '2021-09-05 14:40:06', 'ewallet', 'paid'),
(561, 561, 1, '62.50', '2021-09-11 13:31:46', 'ewallet', 'paid'),
(562, 562, 5, '28.00', '2021-09-06 09:32:56', 'card', 'paid'),
(563, 563, 2, '55.00', '2021-09-10 08:56:58', 'cash', 'paid'),
(564, 564, 2, '82.50', '2021-09-23 03:50:52', 'ewallet', 'paid'),
(565, 565, 1, '52.50', '2021-09-16 02:14:24', 'cash', 'paid'),
(566, 566, 6, '8.50', '2021-09-20 17:48:08', 'cash', 'paid'),
(567, 567, 5, '46.00', '2021-10-07 16:47:20', 'ewallet', 'paid'),
(568, 568, 6, '14.00', '2021-10-15 14:10:37', 'cash', 'paid'),
(569, 569, 5, '15.00', '2021-10-09 11:40:08', 'ewallet', 'paid'),
(570, 570, 4, '90.00', '2021-10-01 09:27:34', 'card', 'paid'),
(571, 571, 10, '28.00', '2021-10-10 06:30:06', 'cash', 'paid'),
(572, 572, 9, '62.50', '2021-10-06 06:32:12', 'ewallet', 'paid'),
(573, 573, 3, '15.00', '2021-10-21 10:52:55', 'cash', 'paid'),
(574, 574, 9, '52.50', '2021-10-04 03:06:00', 'cash', 'paid'),
(575, 575, 9, '7.50', '2021-10-21 03:26:50', 'card', 'paid'),
(576, 576, 10, '54.50', '2021-10-19 13:21:44', 'card', 'paid'),
(577, 577, 6, '7.00', '2021-10-29 19:00:11', 'ewallet', 'paid'),
(578, 578, 8, '40.00', '2021-10-19 18:04:02', 'card', 'paid'),
(579, 579, 1, '42.50', '2021-10-26 13:27:28', 'cash', 'paid'),
(580, 580, 8, '11.00', '2021-10-10 19:24:25', 'cash', 'paid'),
(581, 581, 6, '74.00', '2021-10-11 06:10:04', 'cash', 'paid'),
(582, 582, 10, '72.50', '2021-10-12 00:42:08', 'ewallet', 'paid'),
(583, 583, 7, '65.50', '2021-10-16 02:54:58', 'card', 'paid'),
(584, 584, 6, '42.50', '2021-10-26 15:43:33', 'cash', 'paid'),
(585, 585, 6, '23.50', '2021-10-23 14:47:16', 'cash', 'paid'),
(586, 586, 2, '63.50', '2021-10-04 19:13:02', 'ewallet', 'paid'),
(587, 587, 7, '14.00', '2021-10-20 13:12:01', 'ewallet', 'paid'),
(588, 588, 2, '35.00', '2021-10-28 04:12:52', 'cash', 'paid'),
(589, 589, 5, '20.00', '2021-10-19 11:18:32', 'ewallet', 'paid'),
(590, 590, 10, '52.50', '2021-10-02 13:26:01', 'ewallet', 'paid'),
(591, 591, 8, '34.00', '2021-10-07 16:38:46', 'card', 'paid'),
(592, 592, 8, '40.00', '2021-10-25 23:51:09', 'card', 'paid'),
(593, 593, 4, '53.00', '2021-10-30 20:13:44', 'card', 'paid'),
(594, 594, 4, '75.50', '2021-10-26 04:01:25', 'card', 'paid'),
(595, 595, 9, '37.50', '2021-10-28 20:58:54', 'card', 'paid'),
(596, 596, 7, '26.00', '2021-10-25 14:47:07', 'cash', 'paid'),
(597, 597, 1, '71.50', '2021-10-27 10:39:15', 'cash', 'paid'),
(598, 598, 4, '40.00', '2021-10-23 16:55:48', 'ewallet', 'paid'),
(599, 599, 5, '22.50', '2021-10-06 15:38:17', 'card', 'paid'),
(600, 600, 8, '53.00', '2021-10-26 02:06:30', 'cash', 'paid'),
(601, 601, 3, '42.50', '2021-10-30 14:38:14', 'cash', 'paid'),
(602, 602, 1, '25.50', '2021-10-23 11:53:28', 'ewallet', 'paid'),
(603, 603, 9, '71.00', '2021-10-06 22:42:56', 'ewallet', 'paid'),
(604, 604, 9, '31.00', '2021-10-20 16:32:17', 'card', 'paid'),
(605, 605, 4, '35.00', '2021-10-22 00:40:54', 'ewallet', 'paid'),
(606, 606, 5, '20.00', '2021-10-27 19:39:04', 'cash', 'paid'),
(607, 607, 2, '56.50', '2021-11-04 01:02:21', 'ewallet', 'paid'),
(608, 608, 5, '59.00', '2021-11-08 06:08:07', 'card', 'paid'),
(609, 609, 6, '57.50', '2021-11-09 19:13:54', 'card', 'paid'),
(610, 610, 4, '42.00', '2021-11-28 23:04:37', 'ewallet', 'paid'),
(611, 611, 4, '16.00', '2021-11-14 03:44:03', 'ewallet', 'paid'),
(612, 612, 9, '30.00', '2021-11-17 10:48:31', 'card', 'paid'),
(613, 613, 5, '71.00', '2021-11-27 08:14:42', 'ewallet', 'paid'),
(614, 614, 7, '22.00', '2021-11-28 15:02:00', 'ewallet', 'paid'),
(615, 615, 6, '15.00', '2021-11-07 12:16:20', 'cash', 'paid'),
(616, 616, 5, '55.00', '2021-11-12 20:51:59', 'ewallet', 'paid'),
(617, 617, 7, '7.00', '2021-11-01 21:46:44', 'ewallet', 'paid'),
(618, 618, 3, '82.50', '2021-11-14 03:48:13', 'cash', 'paid'),
(619, 619, 6, '45.00', '2021-11-17 15:00:52', 'cash', 'paid'),
(620, 620, 5, '9.00', '2021-11-06 21:26:22', 'cash', 'paid'),
(621, 621, 10, '21.00', '2021-11-13 10:34:46', 'card', 'paid'),
(622, 622, 1, '40.50', '2021-11-07 22:33:04', 'ewallet', 'paid'),
(623, 623, 2, '65.50', '2021-11-05 19:57:35', 'cash', 'paid'),
(624, 624, 4, '37.00', '2021-11-23 17:36:14', 'cash', 'paid'),
(625, 625, 1, '30.00', '2021-11-06 15:20:13', 'card', 'paid'),
(626, 626, 7, '53.00', '2021-11-03 18:06:27', 'cash', 'paid'),
(627, 627, 10, '98.00', '2021-11-17 02:40:19', 'cash', 'paid'),
(628, 628, 5, '52.50', '2021-12-06 06:08:20', 'ewallet', 'paid'),
(629, 629, 9, '68.00', '2021-12-20 03:10:38', 'cash', 'paid'),
(630, 630, 2, '16.00', '2021-12-11 06:35:32', 'ewallet', 'paid'),
(631, 631, 1, '46.00', '2021-12-10 05:06:38', 'ewallet', 'paid'),
(632, 632, 5, '110.00', '2021-12-15 23:02:22', 'ewallet', 'paid'),
(633, 633, 5, '57.50', '2021-12-01 18:19:57', 'card', 'paid'),
(634, 634, 7, '47.00', '2021-12-17 11:09:54', 'ewallet', 'paid'),
(635, 635, 8, '17.00', '2021-12-08 00:14:51', 'cash', 'paid'),
(636, 636, 1, '14.00', '2021-12-12 09:58:42', 'cash', 'paid'),
(637, 637, 1, '15.00', '2021-12-08 16:10:42', 'cash', 'paid'),
(638, 638, 9, '24.00', '2021-12-02 20:25:38', 'cash', 'paid'),
(639, 639, 4, '26.00', '2021-12-16 05:59:55', 'cash', 'paid'),
(640, 640, 1, '59.00', '2021-12-12 02:56:03', 'ewallet', 'paid'),
(641, 641, 4, '7.00', '2021-12-14 02:27:16', 'card', 'paid'),
(642, 642, 5, '93.00', '2021-12-24 21:58:21', 'ewallet', 'paid'),
(643, 643, 5, '30.00', '2021-12-17 19:21:23', 'card', 'paid'),
(644, 644, 2, '7.50', '2021-12-16 15:36:39', 'ewallet', 'paid'),
(645, 645, 9, '42.50', '2021-12-06 23:58:51', 'cash', 'paid'),
(646, 646, 1, '31.50', '2021-12-14 01:44:06', 'ewallet', 'paid'),
(647, 647, 5, '76.00', '2021-12-28 02:52:53', 'cash', 'paid'),
(648, 648, 4, '68.00', '2021-12-30 14:22:54', 'card', 'paid'),
(649, 649, 6, '65.50', '2021-12-17 09:39:21', 'cash', 'paid'),
(650, 650, 2, '52.00', '2021-12-08 08:00:01', 'cash', 'paid'),
(651, 651, 9, '7.00', '2021-12-21 23:27:50', 'card', 'paid'),
(652, 652, 5, '42.50', '2021-12-15 09:47:12', 'cash', 'paid'),
(653, 653, 1, '43.50', '2021-12-07 17:01:13', 'cash', 'paid'),
(654, 654, 6, '42.50', '2021-12-31 11:10:01', 'card', 'paid'),
(655, 655, 10, '37.50', '2021-12-16 21:34:42', 'ewallet', 'paid'),
(656, 656, 9, '25.50', '2021-12-31 09:44:26', 'cash', 'paid'),
(657, 657, 1, '18.00', '2021-12-07 14:13:16', 'ewallet', 'paid'),
(658, 658, 10, '35.00', '2021-12-13 00:39:31', 'card', 'paid'),
(659, 659, 10, '58.00', '2021-12-18 06:29:37', 'ewallet', 'paid'),
(660, 660, 10, '22.50', '2021-12-14 14:31:32', 'cash', 'paid'),
(661, 661, 6, '97.00', '2021-12-26 08:22:12', 'cash', 'paid'),
(662, 662, 5, '80.00', '2021-12-15 12:18:27', 'card', 'paid'),
(663, 663, 6, '15.00', '2021-12-24 13:59:00', 'ewallet', 'paid'),
(664, 664, 3, '73.00', '2021-12-07 17:05:33', 'card', 'paid'),
(665, 665, 9, '7.50', '2021-12-27 10:50:01', 'card', 'paid'),
(666, 666, 1, '50.00', '2021-12-09 10:33:04', 'card', 'paid'),
(667, 667, 9, '42.00', '2021-12-16 06:26:50', 'cash', 'paid'),
(668, 668, 2, '18.00', '2021-12-03 10:31:29', 'ewallet', 'paid'),
(669, 669, 10, '16.00', '2021-12-08 22:30:04', 'card', 'paid'),
(670, 670, 8, '82.50', '2021-12-11 18:01:00', 'card', 'paid'),
(671, 671, 4, '14.00', '2021-12-13 16:39:14', 'ewallet', 'paid');

-- --------------------------------------------------------

--
-- Table structure for table `product`
--

CREATE TABLE `product` (
  `product_id` double NOT NULL,
  `category_id` double DEFAULT NULL,
  `product_name` varchar(50) NOT NULL,
  `unit_price` decimal(8,2) NOT NULL DEFAULT 0.00
) ENGINE=InnoDB DEFAULT CHARSET=utf8mb4;

--
-- Dumping data for table `product`
--

INSERT INTO `product` (`product_id`, `category_id`, `product_name`, `unit_price`) VALUES
(1, 1, 'Cake A', '7.00'),
(2, 1, 'Cake B', '7.50'),
(3, 1, 'Cake C', '8.00'),
(4, 1, 'Cake D', '8.50'),
(5, 1, 'Cake E', '9.00'),
(6, 2, 'Espresso', '5.00'),
(7, 2, 'Americano (Hot)', '5.00'),
(8, 2, 'Americano (Cold)', '5.50'),
(9, 2, 'Mocha (Hot)', '7.00'),
(10, 2, 'Mocha (Cold)', '7.50'),
(11, 2, 'Mocha (Blended)', '8.00'),
(12, 2, 'White Mocha (Hot)', '7.00'),
(13, 2, 'White Mocha (Cold)', '7.50'),
(14, 2, 'White Mocha (Blended)', '8.00'),
(15, 2, 'Latte (Hot)', '7.00'),
(16, 2, 'Latte (Cold)', '7.50');

-- --------------------------------------------------------

--
-- Table structure for table `stock`
--

CREATE TABLE `stock` (
  `outlet_id` double NOT NULL,
  `product_id` double NOT NULL,
  `stock_quantity` int(11) DEFAULT NULL
) ENGINE=InnoDB DEFAULT CHARSET=utf8mb4;

--
-- Dumping data for table `stock`
--

INSERT INTO `stock` (`outlet_id`, `product_id`, `stock_quantity`) VALUES
(1, 1, 93),
(1, 2, 14),
(1, 3, 96),
(1, 4, 88),
(1, 5, 9),
(1, 6, 28),
(1, 7, 97),
(1, 8, 72),
(1, 9, 39),
(1, 10, 72),
(1, 11, 81),
(1, 12, 98),
(1, 13, 20),
(1, 14, 1),
(1, 15, 100),
(1, 16, 61),
(2, 1, 88),
(2, 2, 76),
(2, 3, 31),
(2, 4, 66),
(2, 5, 77),
(2, 6, 82),
(2, 7, 72),
(2, 8, 84),
(2, 9, 75),
(2, 10, 98),
(2, 11, 61),
(2, 12, 63),
(2, 13, 94),
(2, 14, 2),
(2, 15, 77),
(2, 16, 2),
(3, 1, 43),
(3, 2, 17),
(3, 3, 42),
(3, 4, 10),
(3, 5, 13),
(3, 6, 13),
(3, 7, 77),
(3, 8, 43),
(3, 9, 68),
(3, 10, 63),
(3, 11, 4),
(3, 12, 90),
(3, 13, 67),
(3, 14, 53),
(3, 15, 16),
(3, 16, 58),
(4, 1, 72),
(4, 2, 82),
(4, 3, 45),
(4, 4, 69),
(4, 5, 32),
(4, 6, 84),
(4, 7, 51),
(4, 8, 80),
(4, 9, 94),
(4, 10, 79),
(4, 11, 53),
(4, 12, 4),
(4, 13, 100),
(4, 14, 90),
(4, 15, 39),
(4, 16, 3),
(5, 1, 1),
(5, 2, 17),
(5, 3, 24),
(5, 4, 22),
(5, 5, 53),
(5, 6, 53),
(5, 7, 60),
(5, 8, 45),
(5, 9, 35),
(5, 10, 62),
(5, 11, 32),
(5, 12, 45),
(5, 13, 30),
(5, 14, 39),
(5, 15, 47),
(5, 16, 58),
(6, 1, 95),
(6, 2, 9),
(6, 3, 24),
(6, 4, 5),
(6, 5, 81),
(6, 6, 41),
(6, 7, 55),
(6, 8, 9),
(6, 9, 67),
(6, 10, 98),
(6, 11, 46),
(6, 12, 76),
(6, 13, 17),
(6, 14, 70),
(6, 15, 9),
(6, 16, 45),
(7, 1, 46),
(7, 2, 98),
(7, 3, 71),
(7, 4, 97),
(7, 5, 11),
(7, 6, 77),
(7, 7, 92),
(7, 8, 2),
(7, 9, 59),
(7, 10, 8),
(7, 11, 34),
(7, 12, 29),
(7, 13, 63),
(7, 14, 47),
(7, 15, 53),
(7, 16, 20),
(8, 1, 1),
(8, 2, 89),
(8, 3, 43),
(8, 4, 95),
(8, 5, 40),
(8, 6, 78),
(8, 7, 25),
(8, 8, 78),
(8, 9, 86),
(8, 10, 86),
(8, 11, 73),
(8, 12, 91),
(8, 13, 3),
(8, 14, 70),
(8, 15, 29),
(8, 16, 6),
(9, 1, 76),
(9, 2, 72),
(9, 3, 7),
(9, 4, 18),
(9, 5, 27),
(9, 6, 90),
(9, 7, 8),
(9, 8, 15),
(9, 9, 27),
(9, 10, 8),
(9, 11, 66),
(9, 12, 60),
(9, 13, 41),
(9, 14, 38),
(9, 15, 29),
(9, 16, 99),
(10, 1, 81),
(10, 2, 7),
(10, 3, 30),
(10, 4, 93),
(10, 5, 52),
(10, 6, 17),
(10, 7, 51),
(10, 8, 85),
(10, 9, 68),
(10, 10, 19),
(10, 11, 57),
(10, 12, 83),
(10, 13, 65),
(10, 14, 21),
(10, 15, 23),
(10, 16, 8);

--
-- Indexes for dumped tables
--

--
-- Indexes for table `category`
--
ALTER TABLE `category`
  ADD PRIMARY KEY (`category_id`);

--
-- Indexes for table `employee`
--
ALTER TABLE `employee`
  ADD PRIMARY KEY (`employee_id`),
  ADD KEY `outlet_id` (`outlet_id`);

--
-- Indexes for table `job`
--
ALTER TABLE `job`
  ADD PRIMARY KEY (`job_type`);

--
-- Indexes for table `line_order`
--
ALTER TABLE `line_order`
  ADD PRIMARY KEY (`order_id`,`product_id`),
  ADD KEY `product_id` (`product_id`);

--
-- Indexes for table `manager`
--
ALTER TABLE `manager`
  ADD PRIMARY KEY (`manager_id`);

--
-- Indexes for table `orders`
--
ALTER TABLE `orders`
  ADD PRIMARY KEY (`order_id`),
  ADD KEY `outlet_id` (`outlet_id`);

--
-- Indexes for table `outlet`
--
ALTER TABLE `outlet`
  ADD PRIMARY KEY (`outlet_id`),
  ADD KEY `manager_id` (`manager_id`);

--
-- Indexes for table `payment`
--
ALTER TABLE `payment`
  ADD PRIMARY KEY (`payment_id`),
  ADD KEY `order_id` (`order_id`),
  ADD KEY `employee_id` (`employee_id`);

--
-- Indexes for table `product`
--
ALTER TABLE `product`
  ADD PRIMARY KEY (`product_id`),
  ADD UNIQUE KEY `product_id` (`product_id`),
  ADD KEY `FK_1` (`category_id`);

--
-- Indexes for table `stock`
--
ALTER TABLE `stock`
  ADD PRIMARY KEY (`outlet_id`,`product_id`),
  ADD KEY `product_id` (`product_id`);

--
-- Constraints for dumped tables
--

--
-- Constraints for table `employee`
--
ALTER TABLE `employee`
  ADD CONSTRAINT `employee_ibfk_1` FOREIGN KEY (`outlet_id`) REFERENCES `outlet` (`outlet_id`) ON DELETE SET NULL;

--
-- Constraints for table `line_order`
--
ALTER TABLE `line_order`
  ADD CONSTRAINT `line_order_ibfk_1` FOREIGN KEY (`order_id`) REFERENCES `orders` (`order_id`),
  ADD CONSTRAINT `line_order_ibfk_2` FOREIGN KEY (`product_id`) REFERENCES `product` (`product_id`);

--
-- Constraints for table `orders`
--
ALTER TABLE `orders`
  ADD CONSTRAINT `orders_ibfk_1` FOREIGN KEY (`outlet_id`) REFERENCES `outlet` (`outlet_id`);

--
-- Constraints for table `outlet`
--
ALTER TABLE `outlet`
  ADD CONSTRAINT `outlet_ibfk_1` FOREIGN KEY (`manager_id`) REFERENCES `manager` (`manager_id`) ON DELETE SET NULL;

--
-- Constraints for table `payment`
--
ALTER TABLE `payment`
  ADD CONSTRAINT `payment_ibfk_1` FOREIGN KEY (`order_id`) REFERENCES `orders` (`order_id`),
  ADD CONSTRAINT `payment_ibfk_2` FOREIGN KEY (`employee_id`) REFERENCES `employee` (`employee_id`);

--
-- Constraints for table `product`
--
ALTER TABLE `product`
  ADD CONSTRAINT `FK_1` FOREIGN KEY (`category_id`) REFERENCES `category` (`category_id`) ON DELETE SET NULL;

--
-- Constraints for table `stock`
--
ALTER TABLE `stock`
  ADD CONSTRAINT `stock_ibfk_1` FOREIGN KEY (`product_id`) REFERENCES `product` (`product_id`);
COMMIT;

/*!40101 SET CHARACTER_SET_CLIENT=@OLD_CHARACTER_SET_CLIENT */;
/*!40101 SET CHARACTER_SET_RESULTS=@OLD_CHARACTER_SET_RESULTS */;
/*!40101 SET COLLATION_CONNECTION=@OLD_COLLATION_CONNECTION */;
